"";"Model";"NoiseLevel";"NoiseType";"Variable";"MAPE";"sd";"ErrorType";"Model_ErrorType";"Variable_upper"
"1";"ANN";1;"Combined";"cab";2,560633676105;0,692792608481204;"Validation error";"ANN Validation error";"Cab"
"2";"GPR";1;"Combined";"cab";4,87032979152752;0,746616513922196;"Validation error";"GPR Validation error";"Cab"
"3";"MTN";1;"Combined";"cab";1,4064951217622;0,437171450943192;"Validation error";"MTN Validation error";"Cab"
"4";"RFR";1;"Combined";"cab";1,43674789846078;0,157612912918151;"Validation error";"RFR Validation error";"Cab"
"5";"ANN";3;"Combined";"cab";3,09062761069193;0,561374066219473;"Validation error";"ANN Validation error";"Cab"
"6";"GPR";3;"Combined";"cab";6,80414578873904;0,622539438652049;"Validation error";"GPR Validation error";"Cab"
"7";"MTN";3;"Combined";"cab";1,93452015298497;0,437082179359433;"Validation error";"MTN Validation error";"Cab"
"8";"RFR";3;"Combined";"cab";2,68808225286378;0,103670519864533;"Validation error";"RFR Validation error";"Cab"
"9";"ANN";5;"Combined";"cab";4,86040253952945;0,501323971406685;"Validation error";"ANN Validation error";"Cab"
"10";"GPR";5;"Combined";"cab";8,92610214268869;1,07235361546503;"Validation error";"GPR Validation error";"Cab"
"11";"MTN";5;"Combined";"cab";3,77275684281754;0,324634314017794;"Validation error";"MTN Validation error";"Cab"
"12";"RFR";5;"Combined";"cab";4,2377168213605;0,157708302005503;"Validation error";"RFR Validation error";"Cab"
"13";"ANN";10;"Combined";"cab";11,6881386094099;0,727544060612096;"Validation error";"ANN Validation error";"Cab"
"14";"GPR";10;"Combined";"cab";17,1781091763907;1,70166443798722;"Validation error";"GPR Validation error";"Cab"
"15";"MTN";10;"Combined";"cab";10,9594843437076;0,612285533196272;"Validation error";"MTN Validation error";"Cab"
"16";"RFR";10;"Combined";"cab";11,3246798320683;0,317189327286904;"Validation error";"RFR Validation error";"Cab"
"17";"ANN";15;"Combined";"cab";22,9175785866481;1,95115000479166;"Validation error";"ANN Validation error";"Cab"
"18";"GPR";15;"Combined";"cab";27,417131091361;1,63594972885496;"Validation error";"GPR Validation error";"Cab"
"19";"MTN";15;"Combined";"cab";22,2079845320915;1,44950650257281;"Validation error";"MTN Validation error";"Cab"
"20";"RFR";15;"Combined";"cab";21,5578433414042;2,10839826285859;"Validation error";"RFR Validation error";"Cab"
"21";"ANN";20;"Combined";"cab";35,2146956773232;2,72387237841057;"Validation error";"ANN Validation error";"Cab"
"22";"GPR";20;"Combined";"cab";38,61718461768;3,22532454509351;"Validation error";"GPR Validation error";"Cab"
"23";"MTN";20;"Combined";"cab";34,8277043345471;2,91598318617882;"Validation error";"MTN Validation error";"Cab"
"24";"RFR";20;"Combined";"cab";34,5126008092815;2,91265619843987;"Validation error";"RFR Validation error";"Cab"
"25";"ANN";25;"Combined";"cab";50,0339300958132;2,53387095982123;"Validation error";"ANN Validation error";"Cab"
"26";"GPR";25;"Combined";"cab";51,3723161177787;2,57327729983362;"Validation error";"GPR Validation error";"Cab"
"27";"MTN";25;"Combined";"cab";49,3801702884599;2,81791971479338;"Validation error";"MTN Validation error";"Cab"
"28";"RFR";25;"Combined";"cab";47,0455453818817;2,87087346901042;"Validation error";"RFR Validation error";"Cab"
"29";"ANN";30;"Combined";"cab";58,2248778698368;6,40771996382974;"Validation error";"ANN Validation error";"Cab"
"30";"GPR";30;"Combined";"cab";58,2287031842801;4,48944469947198;"Validation error";"GPR Validation error";"Cab"
"31";"MTN";30;"Combined";"cab";56,6678028716495;5,63893197943729;"Validation error";"MTN Validation error";"Cab"
"32";"RFR";30;"Combined";"cab";55,0004922217234;4,22051687338008;"Validation error";"RFR Validation error";"Cab"
"33";"ANN";40;"Combined";"cab";69,236703617268;6,56637775190055;"Validation error";"ANN Validation error";"Cab"
"34";"GPR";40;"Combined";"cab";69,5045030588975;7,56757008271505;"Validation error";"GPR Validation error";"Cab"
"35";"MTN";40;"Combined";"cab";68,6506368789895;7,4024265501347;"Validation error";"MTN Validation error";"Cab"
"36";"RFR";40;"Combined";"cab";66,3679034648964;8,06944511121945;"Validation error";"RFR Validation error";"Cab"
"37";"ANN";50;"Combined";"cab";70,2854057320693;4,7065012077213;"Validation error";"ANN Validation error";"Cab"
"38";"GPR";50;"Combined";"cab";70,3175324623286;4,87142147718454;"Validation error";"GPR Validation error";"Cab"
"39";"MTN";50;"Combined";"cab";70,2651648838008;4,42820748510092;"Validation error";"MTN Validation error";"Cab"
"40";"RFR";50;"Combined";"cab";70,0725534042245;4,67632200280487;"Validation error";"RFR Validation error";"Cab"
"41";"ANN";1;"Inverted";"cab";2,47320746640353;0,778657799216971;"Validation error";"ANN Validation error";"Cab"
"42";"GPR";1;"Inverted";"cab";4,89371537264875;0,740035290074311;"Validation error";"GPR Validation error";"Cab"
"43";"MTN";1;"Inverted";"cab";1,500220233413;0,460613755799058;"Validation error";"MTN Validation error";"Cab"
"44";"RFR";1;"Inverted";"cab";1,96779410097887;0,159650739622495;"Validation error";"RFR Validation error";"Cab"
"45";"ANN";3;"Inverted";"cab";4,19374063331185;0,374650366060467;"Validation error";"ANN Validation error";"Cab"
"46";"GPR";3;"Inverted";"cab";7,27904147477774;0,821750413135913;"Validation error";"GPR Validation error";"Cab"
"47";"MTN";3;"Inverted";"cab";3,66996579004373;0,585180915005381;"Validation error";"MTN Validation error";"Cab"
"48";"RFR";3;"Inverted";"cab";4,31672118230302;0,233086228824447;"Validation error";"RFR Validation error";"Cab"
"49";"ANN";5;"Inverted";"cab";7,93263795361272;0,637776608681641;"Validation error";"ANN Validation error";"Cab"
"50";"GPR";5;"Inverted";"cab";10,4865052162785;0,915062573026789;"Validation error";"GPR Validation error";"Cab"
"51";"MTN";5;"Inverted";"cab";7,10054458562236;0,532398544935225;"Validation error";"MTN Validation error";"Cab"
"52";"RFR";5;"Inverted";"cab";7,92881007205647;0,479302469258059;"Validation error";"RFR Validation error";"Cab"
"53";"ANN";10;"Inverted";"cab";23,7604057821387;1,24677266241605;"Validation error";"ANN Validation error";"Cab"
"54";"GPR";10;"Inverted";"cab";26,4555007493474;1,37231533509476;"Validation error";"GPR Validation error";"Cab"
"55";"MTN";10;"Inverted";"cab";23,3329441110369;1,39847486689738;"Validation error";"MTN Validation error";"Cab"
"56";"RFR";10;"Inverted";"cab";24,37696698707;1,68132179672227;"Validation error";"RFR Validation error";"Cab"
"57";"ANN";15;"Inverted";"cab";44,406117898705;5,64420643673328;"Validation error";"ANN Validation error";"Cab"
"58";"GPR";15;"Inverted";"cab";43,9216650431769;4,8809563981763;"Validation error";"GPR Validation error";"Cab"
"59";"MTN";15;"Inverted";"cab";43,2101577311075;4,8860366380001;"Validation error";"MTN Validation error";"Cab"
"60";"RFR";15;"Inverted";"cab";44,314558379995;4,92685732649421;"Validation error";"RFR Validation error";"Cab"
"61";"ANN";20;"Inverted";"cab";61,3841368708332;7,37881373428478;"Validation error";"ANN Validation error";"Cab"
"62";"GPR";20;"Inverted";"cab";61,3966021992347;6,67184941190622;"Validation error";"GPR Validation error";"Cab"
"63";"MTN";20;"Inverted";"cab";60,4837844790287;6,68039295618027;"Validation error";"MTN Validation error";"Cab"
"64";"RFR";20;"Inverted";"cab";60,9013498725807;6,20911773147224;"Validation error";"RFR Validation error";"Cab"
"65";"ANN";25;"Inverted";"cab";71,5153222390579;5,00022759622926;"Validation error";"ANN Validation error";"Cab"
"66";"GPR";25;"Inverted";"cab";70,8326059435939;4,13301111667051;"Validation error";"GPR Validation error";"Cab"
"67";"MTN";25;"Inverted";"cab";71,2925549697201;3,9679819178452;"Validation error";"MTN Validation error";"Cab"
"68";"RFR";25;"Inverted";"cab";70,8627064155481;4,29286181254918;"Validation error";"RFR Validation error";"Cab"
"69";"ANN";30;"Inverted";"cab";70,5188131838716;4,04936024083339;"Validation error";"ANN Validation error";"Cab"
"70";"GPR";30;"Inverted";"cab";71,8751777171051;4,2011132665795;"Validation error";"GPR Validation error";"Cab"
"71";"MTN";30;"Inverted";"cab";71,3904081728863;4,6797950727304;"Validation error";"MTN Validation error";"Cab"
"72";"RFR";30;"Inverted";"cab";72,1740139090309;4,33180944627699;"Validation error";"RFR Validation error";"Cab"
"73";"ANN";40;"Inverted";"cab";77,3355023072606;9,56496858463358;"Validation error";"ANN Validation error";"Cab"
"74";"GPR";40;"Inverted";"cab";75,1823458455101;9,58469745866758;"Validation error";"GPR Validation error";"Cab"
"75";"MTN";40;"Inverted";"cab";77,0124250965116;10,8495834239115;"Validation error";"MTN Validation error";"Cab"
"76";"RFR";40;"Inverted";"cab";75,2962262060014;8,72205016777858;"Validation error";"RFR Validation error";"Cab"
"77";"ANN";50;"Inverted";"cab";75,8117951066699;8,5995660935508;"Validation error";"ANN Validation error";"Cab"
"78";"GPR";50;"Inverted";"cab";75,613611083492;7,27943177547906;"Validation error";"GPR Validation error";"Cab"
"79";"MTN";50;"Inverted";"cab";74,9739286769604;8,19640065944557;"Validation error";"MTN Validation error";"Cab"
"80";"RFR";50;"Inverted";"cab";75,919820397045;8,13323872181824;"Validation error";"RFR Validation error";"Cab"
"81";"ANN";1;"Combined";"cm";3,2338946533239;0,596750534541241;"Validation error";"ANN Validation error";"Cm"
"82";"GPR";1;"Combined";"cm";11,031280903322;1,25656822891281;"Validation error";"GPR Validation error";"Cm"
"83";"MTN";1;"Combined";"cm";2,77690781187075;0,698008696243525;"Validation error";"MTN Validation error";"Cm"
"84";"RFR";1;"Combined";"cm";37,4211083561725;3,60065515862565;"Validation error";"RFR Validation error";"Cm"
"85";"ANN";3;"Combined";"cm";7,03541561983141;0,641402214203105;"Validation error";"ANN Validation error";"Cm"
"86";"GPR";3;"Combined";"cm";14,8480789785116;1,200062427229;"Validation error";"GPR Validation error";"Cm"
"87";"MTN";3;"Combined";"cm";6,74948891625839;0,408714401419012;"Validation error";"MTN Validation error";"Cm"
"88";"RFR";3;"Combined";"cm";31,4879904868656;1,92630784949669;"Validation error";"RFR Validation error";"Cm"
"89";"ANN";5;"Combined";"cm";13,9804150158291;1,5450431050046;"Validation error";"ANN Validation error";"Cm"
"90";"GPR";5;"Combined";"cm";18,6364867985869;1,45697130666497;"Validation error";"GPR Validation error";"Cm"
"91";"MTN";5;"Combined";"cm";13,633306937132;1,23437978862197;"Validation error";"MTN Validation error";"Cm"
"92";"RFR";5;"Combined";"cm";30,6883951570731;2,75431424846339;"Validation error";"RFR Validation error";"Cm"
"93";"ANN";10;"Combined";"cm";23,7174054386954;1,78251601236382;"Validation error";"ANN Validation error";"Cm"
"94";"GPR";10;"Combined";"cm";25,343990212969;1,6784148978096;"Validation error";"GPR Validation error";"Cm"
"95";"MTN";10;"Combined";"cm";23,1544952300327;1,67377236212662;"Validation error";"MTN Validation error";"Cm"
"96";"RFR";10;"Combined";"cm";32,3654504224564;3,14839718430013;"Validation error";"RFR Validation error";"Cm"
"97";"ANN";15;"Combined";"cm";29,9471893640351;4,05217146007199;"Validation error";"ANN Validation error";"Cm"
"98";"GPR";15;"Combined";"cm";30,9416739708958;4,40974190085653;"Validation error";"GPR Validation error";"Cm"
"99";"MTN";15;"Combined";"cm";29,7634973993052;4,00800600604511;"Validation error";"MTN Validation error";"Cm"
"100";"RFR";15;"Combined";"cm";36,9176048958044;5,00761233795013;"Validation error";"RFR Validation error";"Cm"
"101";"ANN";20;"Combined";"cm";35,1875012986724;2,930673185297;"Validation error";"ANN Validation error";"Cm"
"102";"GPR";20;"Combined";"cm";34,3069941109324;2,1317259185974;"Validation error";"GPR Validation error";"Cm"
"103";"MTN";20;"Combined";"cm";34,256272900951;2,05532132519817;"Validation error";"MTN Validation error";"Cm"
"104";"RFR";20;"Combined";"cm";38,9964254167699;2,21591872729084;"Validation error";"RFR Validation error";"Cm"
"105";"ANN";25;"Combined";"cm";38,9356512730639;2,7159236925449;"Validation error";"ANN Validation error";"Cm"
"106";"GPR";25;"Combined";"cm";37,9805693470157;2,38439647743759;"Validation error";"GPR Validation error";"Cm"
"107";"MTN";25;"Combined";"cm";38,3088616232273;2,92321202349875;"Validation error";"MTN Validation error";"Cm"
"108";"RFR";25;"Combined";"cm";41,0056124555666;2,16241040288869;"Validation error";"RFR Validation error";"Cm"
"109";"ANN";30;"Combined";"cm";40,1653572607563;2,70298348837117;"Validation error";"ANN Validation error";"Cm"
"110";"GPR";30;"Combined";"cm";40,170109912867;3,45503516093407;"Validation error";"GPR Validation error";"Cm"
"111";"MTN";30;"Combined";"cm";41,2148555637266;3,41195281389137;"Validation error";"MTN Validation error";"Cm"
"112";"RFR";30;"Combined";"cm";42,6386887283383;3,46010360611568;"Validation error";"RFR Validation error";"Cm"
"113";"ANN";40;"Combined";"cm";43,1275659500021;3,13668028513373;"Validation error";"ANN Validation error";"Cm"
"114";"GPR";40;"Combined";"cm";41,7079670727808;2,60076902185429;"Validation error";"GPR Validation error";"Cm"
"115";"MTN";40;"Combined";"cm";42,6827427025396;2,33724230517097;"Validation error";"MTN Validation error";"Cm"
"116";"RFR";40;"Combined";"cm";43,0066436233932;2,40201246377243;"Validation error";"RFR Validation error";"Cm"
"117";"ANN";50;"Combined";"cm";45,2795550209193;2,73700051609196;"Validation error";"ANN Validation error";"Cm"
"118";"GPR";50;"Combined";"cm";43,8302188993163;2,83941083033404;"Validation error";"GPR Validation error";"Cm"
"119";"MTN";50;"Combined";"cm";45,44869848341;3,56213045503527;"Validation error";"MTN Validation error";"Cm"
"120";"RFR";50;"Combined";"cm";43,989336655117;2,82221379880765;"Validation error";"RFR Validation error";"Cm"
"121";"ANN";1;"Inverted";"cm";4,21563823505988;0,564292836989805;"Validation error";"ANN Validation error";"Cm"
"122";"GPR";1;"Inverted";"cm";11,137138725299;1,25459531157152;"Validation error";"GPR Validation error";"Cm"
"123";"MTN";1;"Inverted";"cm";8,28254911385563;13,1796222681919;"Validation error";"MTN Validation error";"Cm"
"124";"RFR";1;"Inverted";"cm";34,1569434064543;3,74555519077962;"Validation error";"RFR Validation error";"Cm"
"125";"ANN";3;"Inverted";"cm";13,468021017994;1,24110868120939;"Validation error";"ANN Validation error";"Cm"
"126";"GPR";3;"Inverted";"cm";17,6695852442785;1,15537810453583;"Validation error";"GPR Validation error";"Cm"
"127";"MTN";3;"Inverted";"cm";13,2479460729932;0,892503231384058;"Validation error";"MTN Validation error";"Cm"
"128";"RFR";3;"Inverted";"cm";30,4846128378493;2,16229314630144;"Validation error";"RFR Validation error";"Cm"
"129";"ANN";5;"Inverted";"cm";21,0494710946154;1,77785474696878;"Validation error";"ANN Validation error";"Cm"
"130";"GPR";5;"Inverted";"cm";23,1198415975145;1,78793784238094;"Validation error";"GPR Validation error";"Cm"
"131";"MTN";5;"Inverted";"cm";20,9180005246774;1,71087915862163;"Validation error";"MTN Validation error";"Cm"
"132";"RFR";5;"Inverted";"cm";29,8423920847886;2,81615721506255;"Validation error";"RFR Validation error";"Cm"
"133";"ANN";10;"Inverted";"cm";28,12137557659;2,66664114976414;"Validation error";"ANN Validation error";"Cm"
"134";"GPR";10;"Inverted";"cm";28,9895734961676;2,80378008206078;"Validation error";"GPR Validation error";"Cm"
"135";"MTN";10;"Inverted";"cm";27,4123717642096;2,24102451213717;"Validation error";"MTN Validation error";"Cm"
"136";"RFR";10;"Inverted";"cm";31,5360478363676;3,15066501962192;"Validation error";"RFR Validation error";"Cm"
"137";"ANN";15;"Inverted";"cm";33,0807640310788;5,17117882390498;"Validation error";"ANN Validation error";"Cm"
"138";"GPR";15;"Inverted";"cm";33,0296585731366;4,42848071899233;"Validation error";"GPR Validation error";"Cm"
"139";"MTN";15;"Inverted";"cm";32,1465618936882;4,14122881815862;"Validation error";"MTN Validation error";"Cm"
"140";"RFR";15;"Inverted";"cm";36,8259243899756;4,49839354776798;"Validation error";"RFR Validation error";"Cm"
"141";"ANN";20;"Inverted";"cm";36,6239233588132;2,33378126809982;"Validation error";"ANN Validation error";"Cm"
"142";"GPR";20;"Inverted";"cm";36,8822205188367;2,53263981546875;"Validation error";"GPR Validation error";"Cm"
"143";"MTN";20;"Inverted";"cm";37,7226326197761;4,23110503933914;"Validation error";"MTN Validation error";"Cm"
"144";"RFR";20;"Inverted";"cm";39,6368841888054;2,68187641916543;"Validation error";"RFR Validation error";"Cm"
"145";"ANN";25;"Inverted";"cm";41,3477546032797;3,07570873397257;"Validation error";"ANN Validation error";"Cm"
"146";"GPR";25;"Inverted";"cm";40,2267133280802;2,55685384886348;"Validation error";"GPR Validation error";"Cm"
"147";"MTN";25;"Inverted";"cm";41,1766427442043;2,40944382710726;"Validation error";"MTN Validation error";"Cm"
"148";"RFR";25;"Inverted";"cm";41,8180969311393;1,5388256645915;"Validation error";"RFR Validation error";"Cm"
"149";"ANN";30;"Inverted";"cm";43,5517374456071;3,34680874438006;"Validation error";"ANN Validation error";"Cm"
"150";"GPR";30;"Inverted";"cm";42,6498622950145;3,02700841612023;"Validation error";"GPR Validation error";"Cm"
"151";"MTN";30;"Inverted";"cm";42,7017251963604;3,5044869767093;"Validation error";"MTN Validation error";"Cm"
"152";"RFR";30;"Inverted";"cm";43,1613120393592;3,16905202585261;"Validation error";"RFR Validation error";"Cm"
"153";"ANN";40;"Inverted";"cm";44,5800743436367;2,02616786297344;"Validation error";"ANN Validation error";"Cm"
"154";"GPR";40;"Inverted";"cm";43,85355451482;2,01434498855756;"Validation error";"GPR Validation error";"Cm"
"155";"MTN";40;"Inverted";"cm";44,7669792501851;1,53208756024915;"Validation error";"MTN Validation error";"Cm"
"156";"RFR";40;"Inverted";"cm";43,7012551900557;2,02263867004064;"Validation error";"RFR Validation error";"Cm"
"157";"ANN";50;"Inverted";"cm";45,880068156595;4,76596251669431;"Validation error";"ANN Validation error";"Cm"
"158";"GPR";50;"Inverted";"cm";44,6791065584367;2,24560359693474;"Validation error";"GPR Validation error";"Cm"
"159";"MTN";50;"Inverted";"cm";44,0524616439096;2,13004946951733;"Validation error";"MTN Validation error";"Cm"
"160";"RFR";50;"Inverted";"cm";43,9747456302108;2,43758211614885;"Validation error";"RFR Validation error";"Cm"
"161";"ANN";1;"Combined";"cw";2,90032201662971;0,737818150015093;"Validation error";"ANN Validation error";"Cw"
"162";"GPR";1;"Combined";"cw";7,18422967783872;0,677072843077538;"Validation error";"GPR Validation error";"Cw"
"163";"MTN";1;"Combined";"cw";2,63887347397353;0,608085018772196;"Validation error";"MTN Validation error";"Cw"
"164";"RFR";1;"Combined";"cw";41,5214960591447;3,80724292090197;"Validation error";"RFR Validation error";"Cw"
"165";"ANN";3;"Combined";"cw";5,61461879658786;0,73160725390736;"Validation error";"ANN Validation error";"Cw"
"166";"GPR";3;"Combined";"cw";10,2236412452955;0,803234470380328;"Validation error";"GPR Validation error";"Cw"
"167";"MTN";3;"Combined";"cw";5,41549026887873;0,350430337281825;"Validation error";"MTN Validation error";"Cw"
"168";"RFR";3;"Combined";"cw";38,6059565702658;4,02361477802899;"Validation error";"RFR Validation error";"Cw"
"169";"ANN";5;"Combined";"cw";10,9813805183147;1,08810722854187;"Validation error";"ANN Validation error";"Cw"
"170";"GPR";5;"Combined";"cw";14,3954594446153;1,41389222472092;"Validation error";"GPR Validation error";"Cw"
"171";"MTN";5;"Combined";"cw";11,900516109667;1,49984545806069;"Validation error";"MTN Validation error";"Cw"
"172";"RFR";5;"Combined";"cw";37,4224679897605;3,13834653720471;"Validation error";"RFR Validation error";"Cw"
"173";"ANN";10;"Combined";"cw";21,2714970981907;2,05034785986602;"Validation error";"ANN Validation error";"Cw"
"174";"GPR";10;"Combined";"cw";22,8445214256923;1,41671940351864;"Validation error";"GPR Validation error";"Cw"
"175";"MTN";10;"Combined";"cw";20,9673735110366;1,76960753614283;"Validation error";"MTN Validation error";"Cw"
"176";"RFR";10;"Combined";"cw";35,9374256898385;2,38177992543469;"Validation error";"RFR Validation error";"Cw"
"177";"ANN";15;"Combined";"cw";28,1419608964707;1,45637946546221;"Validation error";"ANN Validation error";"Cw"
"178";"GPR";15;"Combined";"cw";28,768961723377;1,74028420234008;"Validation error";"GPR Validation error";"Cw"
"179";"MTN";15;"Combined";"cw";28,2900185851111;1,35423685912033;"Validation error";"MTN Validation error";"Cw"
"180";"RFR";15;"Combined";"cw";36,9751861371704;2,49351796095275;"Validation error";"RFR Validation error";"Cw"
"181";"ANN";20;"Combined";"cw";35,0141813495831;3,58649912527445;"Validation error";"ANN Validation error";"Cw"
"182";"GPR";20;"Combined";"cw";34,3771079169327;2,9413902161618;"Validation error";"GPR Validation error";"Cw"
"183";"MTN";20;"Combined";"cw";34,3608042987596;2,95638810209006;"Validation error";"MTN Validation error";"Cw"
"184";"RFR";20;"Combined";"cw";39,3764467445046;3,31953985705006;"Validation error";"RFR Validation error";"Cw"
"185";"ANN";25;"Combined";"cw";38,4322151155836;3,27781502091407;"Validation error";"ANN Validation error";"Cw"
"186";"GPR";25;"Combined";"cw";37,7492842728816;3,22714297265861;"Validation error";"GPR Validation error";"Cw"
"187";"MTN";25;"Combined";"cw";37,6980188828206;3,30777290998727;"Validation error";"MTN Validation error";"Cw"
"188";"RFR";25;"Combined";"cw";40,6023994788163;3,25451452047076;"Validation error";"RFR Validation error";"Cw"
"189";"ANN";30;"Combined";"cw";39,7490937956426;4,30823855823393;"Validation error";"ANN Validation error";"Cw"
"190";"GPR";30;"Combined";"cw";39,4077391992178;4,16568377772488;"Validation error";"GPR Validation error";"Cw"
"191";"MTN";30;"Combined";"cw";39,8379328989275;4,52690269500458;"Validation error";"MTN Validation error";"Cw"
"192";"RFR";30;"Combined";"cw";41,8886304647442;3,66882671031795;"Validation error";"RFR Validation error";"Cw"
"193";"ANN";40;"Combined";"cw";42,7135147100767;3,22884774266345;"Validation error";"ANN Validation error";"Cw"
"194";"GPR";40;"Combined";"cw";42,1803214089338;2,41760133973071;"Validation error";"GPR Validation error";"Cw"
"195";"MTN";40;"Combined";"cw";42,7461165427664;2,61854244073397;"Validation error";"MTN Validation error";"Cw"
"196";"RFR";40;"Combined";"cw";42,6345457210554;2,50630673231619;"Validation error";"RFR Validation error";"Cw"
"197";"ANN";50;"Combined";"cw";43,1024042272098;2,67578779149136;"Validation error";"ANN Validation error";"Cw"
"198";"GPR";50;"Combined";"cw";42,8606147616763;2,60815712240771;"Validation error";"GPR Validation error";"Cw"
"199";"MTN";50;"Combined";"cw";42,5183772989943;2,85957121885706;"Validation error";"MTN Validation error";"Cw"
"200";"RFR";50;"Combined";"cw";42,8623152837741;2,77462813355226;"Validation error";"RFR Validation error";"Cw"
"201";"ANN";1;"Inverted";"cw";3,50054164717498;0,576827435100231;"Validation error";"ANN Validation error";"Cw"
"202";"GPR";1;"Inverted";"cw";7,23015934023265;0,732617093881617;"Validation error";"GPR Validation error";"Cw"
"203";"MTN";1;"Inverted";"cw";3,43548328118555;1,35794367816049;"Validation error";"MTN Validation error";"Cw"
"204";"RFR";1;"Inverted";"cw";40,397058615439;3,65499311318009;"Validation error";"RFR Validation error";"Cw"
"205";"ANN";3;"Inverted";"cw";9,62052646096627;0,924494026203086;"Validation error";"ANN Validation error";"Cw"
"206";"GPR";3;"Inverted";"cw";12,2112678947319;1,03604672165753;"Validation error";"GPR Validation error";"Cw"
"207";"MTN";3;"Inverted";"cw";9,77798681430715;0,568288096481296;"Validation error";"MTN Validation error";"Cw"
"208";"RFR";3;"Inverted";"cw";37,0710986022981;3,55082835050721;"Validation error";"RFR Validation error";"Cw"
"209";"ANN";5;"Inverted";"cw";15,3026989451428;1,55842227435177;"Validation error";"ANN Validation error";"Cw"
"210";"GPR";5;"Inverted";"cw";17,3022361654431;1,6829084602239;"Validation error";"GPR Validation error";"Cw"
"211";"MTN";5;"Inverted";"cw";15,6719922735124;1,40172670822516;"Validation error";"MTN Validation error";"Cw"
"212";"RFR";5;"Inverted";"cw";36,1386829623221;2,80684329497671;"Validation error";"RFR Validation error";"Cw"
"213";"ANN";10;"Inverted";"cw";26,9631164698759;2,44131694125104;"Validation error";"ANN Validation error";"Cw"
"214";"GPR";10;"Inverted";"cw";27,2607915421691;2,25817041331233;"Validation error";"GPR Validation error";"Cw"
"215";"MTN";10;"Inverted";"cw";26,8040616470632;2,48764135096828;"Validation error";"MTN Validation error";"Cw"
"216";"RFR";10;"Inverted";"cw";36,9175686820331;2,5868871811958;"Validation error";"RFR Validation error";"Cw"
"217";"ANN";15;"Inverted";"cw";36,6710936544338;3,41434230836936;"Validation error";"ANN Validation error";"Cw"
"218";"GPR";15;"Inverted";"cw";36,1157921037664;2,91509284204509;"Validation error";"GPR Validation error";"Cw"
"219";"MTN";15;"Inverted";"cw";36,2634898910297;2,96758402922676;"Validation error";"MTN Validation error";"Cw"
"220";"RFR";15;"Inverted";"cw";40,0876898256037;2,86115263488908;"Validation error";"RFR Validation error";"Cw"
"221";"ANN";20;"Inverted";"cw";40,4596980838596;3,78163282315361;"Validation error";"ANN Validation error";"Cw"
"222";"GPR";20;"Inverted";"cw";40,31105375336;3,06562922078457;"Validation error";"GPR Validation error";"Cw"
"223";"MTN";20;"Inverted";"cw";40,2556040169582;3,45176797340088;"Validation error";"MTN Validation error";"Cw"
"224";"RFR";20;"Inverted";"cw";41,354559424469;3,21298790260475;"Validation error";"RFR Validation error";"Cw"
"225";"ANN";25;"Inverted";"cw";42,2913741616973;3,50058751028176;"Validation error";"ANN Validation error";"Cw"
"226";"GPR";25;"Inverted";"cw";42,1228056001731;3,18440215044377;"Validation error";"GPR Validation error";"Cw"
"227";"MTN";25;"Inverted";"cw";42,185073092577;3,75714831053367;"Validation error";"MTN Validation error";"Cw"
"228";"RFR";25;"Inverted";"cw";42,6598370159273;3,45833862094961;"Validation error";"RFR Validation error";"Cw"
"229";"ANN";30;"Inverted";"cw";43,6719588852247;4,62427528117831;"Validation error";"ANN Validation error";"Cw"
"230";"GPR";30;"Inverted";"cw";43,1860770453795;3,85512549917406;"Validation error";"GPR Validation error";"Cw"
"231";"MTN";30;"Inverted";"cw";42,8511393688705;3,81112595765116;"Validation error";"MTN Validation error";"Cw"
"232";"RFR";30;"Inverted";"cw";43,0872830607287;3,52472720037909;"Validation error";"RFR Validation error";"Cw"
"233";"ANN";40;"Inverted";"cw";44,4128280662382;2,40419108867218;"Validation error";"ANN Validation error";"Cw"
"234";"GPR";40;"Inverted";"cw";43,5033112706;2,73649798113864;"Validation error";"GPR Validation error";"Cw"
"235";"MTN";40;"Inverted";"cw";43,9756467658195;3,43082262896364;"Validation error";"MTN Validation error";"Cw"
"236";"RFR";40;"Inverted";"cw";43,2609853223763;2,80911054144555;"Validation error";"RFR Validation error";"Cw"
"237";"ANN";50;"Inverted";"cw";44,3702804202654;3,42375231477034;"Validation error";"ANN Validation error";"Cw"
"238";"GPR";50;"Inverted";"cw";44,1520978026875;3,07329357315297;"Validation error";"GPR Validation error";"Cw"
"239";"MTN";50;"Inverted";"cw";44,1783531373301;3,9036690895584;"Validation error";"MTN Validation error";"Cw"
"240";"RFR";50;"Inverted";"cw";43,2487968045142;2,96112735883485;"Validation error";"RFR Validation error";"Cw"
"241";"ANN";1;"Combined";"lai";6,52060605295172;2,4085206038141;"Validation error";"ANN Validation error";"LAI"
"242";"GPR";1;"Combined";"lai";20,495714135348;1,71065300196744;"Validation error";"GPR Validation error";"LAI"
"243";"MTN";1;"Combined";"lai";3,50216064488197;0,761073555732251;"Validation error";"MTN Validation error";"LAI"
"244";"RFR";1;"Combined";"lai";13,9424836200425;2,12516144705643;"Validation error";"RFR Validation error";"LAI"
"245";"ANN";3;"Combined";"lai";9,33280299664697;0,672785325719577;"Validation error";"ANN Validation error";"LAI"
"246";"GPR";3;"Combined";"lai";22,5317612123075;0,921722446597173;"Validation error";"GPR Validation error";"LAI"
"247";"MTN";3;"Combined";"lai";8,04177653988837;1,16253472413774;"Validation error";"MTN Validation error";"LAI"
"248";"RFR";3;"Combined";"lai";23,3428390494984;0,840109664591181;"Validation error";"RFR Validation error";"LAI"
"249";"ANN";5;"Combined";"lai";14,6666932097753;1,07017475319277;"Validation error";"ANN Validation error";"LAI"
"250";"GPR";5;"Combined";"lai";24,0137015713959;1,83842521217371;"Validation error";"GPR Validation error";"LAI"
"251";"MTN";5;"Combined";"lai";13,1786016202427;0,790998366459482;"Validation error";"MTN Validation error";"LAI"
"252";"RFR";5;"Combined";"lai";25,9060262717261;1,52564222944906;"Validation error";"RFR Validation error";"LAI"
"253";"ANN";10;"Combined";"lai";24,3299818562337;2,56360983479991;"Validation error";"ANN Validation error";"LAI"
"254";"GPR";10;"Combined";"lai";28,2212031470259;1,72879228924175;"Validation error";"GPR Validation error";"LAI"
"255";"MTN";10;"Combined";"lai";21,8376056653199;1,78766371451083;"Validation error";"MTN Validation error";"LAI"
"256";"RFR";10;"Combined";"lai";31,5332059279533;2,30130480640076;"Validation error";"RFR Validation error";"LAI"
"257";"ANN";15;"Combined";"lai";31,5559742676645;3,12828179168412;"Validation error";"ANN Validation error";"LAI"
"258";"GPR";15;"Combined";"lai";34,1725233245607;2,15173200537715;"Validation error";"GPR Validation error";"LAI"
"259";"MTN";15;"Combined";"lai";29,6677346623124;2,58029679961909;"Validation error";"MTN Validation error";"LAI"
"260";"RFR";15;"Combined";"lai";42,5516526118961;2,31517794751227;"Validation error";"RFR Validation error";"LAI"
"261";"ANN";20;"Combined";"lai";40,4941616504519;3,85318816938951;"Validation error";"ANN Validation error";"LAI"
"262";"GPR";20;"Combined";"lai";43,3301115289316;4,52233272276262;"Validation error";"GPR Validation error";"LAI"
"263";"MTN";20;"Combined";"lai";41,623876378757;3,66189581031545;"Validation error";"MTN Validation error";"LAI"
"264";"RFR";20;"Combined";"lai";56,7342673226151;6,1484368247569;"Validation error";"RFR Validation error";"LAI"
"265";"ANN";25;"Combined";"lai";57,8686805025305;6,55122978570546;"Validation error";"ANN Validation error";"LAI"
"266";"GPR";25;"Combined";"lai";56,637023444164;4,56523000630266;"Validation error";"GPR Validation error";"LAI"
"267";"MTN";25;"Combined";"lai";58,1360572519231;5,59745523716938;"Validation error";"MTN Validation error";"LAI"
"268";"RFR";25;"Combined";"lai";71,6573368163147;8,1680090209508;"Validation error";"RFR Validation error";"LAI"
"269";"ANN";30;"Combined";"lai";68,7858302326504;11,7598068765055;"Validation error";"ANN Validation error";"LAI"
"270";"GPR";30;"Combined";"lai";67,5700876336433;10,6871932540478;"Validation error";"GPR Validation error";"LAI"
"271";"MTN";30;"Combined";"lai";69,299942563334;11,7155939632749;"Validation error";"MTN Validation error";"LAI"
"272";"RFR";30;"Combined";"lai";80,8502622369359;13,8937122521474;"Validation error";"RFR Validation error";"LAI"
"273";"ANN";40;"Combined";"lai";83,3948129996174;11,0139053016713;"Validation error";"ANN Validation error";"LAI"
"274";"GPR";40;"Combined";"lai";82,9713956482124;12,8969133991884;"Validation error";"GPR Validation error";"LAI"
"275";"MTN";40;"Combined";"lai";82,301816267666;8,94001525493037;"Validation error";"MTN Validation error";"LAI"
"276";"RFR";40;"Combined";"lai";88,4309645552477;14,2363211760396;"Validation error";"RFR Validation error";"LAI"
"277";"ANN";50;"Combined";"lai";90,2355074718793;9,63010911197925;"Validation error";"ANN Validation error";"LAI"
"278";"GPR";50;"Combined";"lai";88,7320799654171;9,49666700350707;"Validation error";"GPR Validation error";"LAI"
"279";"MTN";50;"Combined";"lai";90,4827593414503;9,45681732290096;"Validation error";"MTN Validation error";"LAI"
"280";"RFR";50;"Combined";"lai";92,2653130026236;10,035318040842;"Validation error";"RFR Validation error";"LAI"
"281";"ANN";1;"Inverted";"lai";7,07469471307344;1,30522613475854;"Validation error";"ANN Validation error";"LAI"
"282";"GPR";1;"Inverted";"lai";20,4601156189774;1,75620638314316;"Validation error";"GPR Validation error";"LAI"
"283";"MTN";1;"Inverted";"lai";5,40607288400247;1,65905279064436;"Validation error";"MTN Validation error";"LAI"
"284";"RFR";1;"Inverted";"lai";19,9849168870566;2,14758155179588;"Validation error";"RFR Validation error";"LAI"
"285";"ANN";3;"Inverted";"lai";15,2491418824188;2,15622085105896;"Validation error";"ANN Validation error";"LAI"
"286";"GPR";3;"Inverted";"lai";23,4258251623779;1,02121525961923;"Validation error";"GPR Validation error";"LAI"
"287";"MTN";3;"Inverted";"lai";13,4263978176812;1,33338911215742;"Validation error";"MTN Validation error";"LAI"
"288";"RFR";3;"Inverted";"lai";25,2023834469704;1,47580772239353;"Validation error";"RFR Validation error";"LAI"
"289";"ANN";5;"Inverted";"lai";20,2490669149846;1,491933259321;"Validation error";"ANN Validation error";"LAI"
"290";"GPR";5;"Inverted";"lai";24,8416005027092;1,38611786249109;"Validation error";"GPR Validation error";"LAI"
"291";"MTN";5;"Inverted";"lai";17,9801311388457;1,59963106852396;"Validation error";"MTN Validation error";"LAI"
"292";"RFR";5;"Inverted";"lai";26,5169983504231;2,37922516891105;"Validation error";"RFR Validation error";"LAI"
"293";"ANN";10;"Inverted";"lai";26,0332954301899;2,02878263095684;"Validation error";"ANN Validation error";"LAI"
"294";"GPR";10;"Inverted";"lai";28,6504756954073;1,74380984429526;"Validation error";"GPR Validation error";"LAI"
"295";"MTN";10;"Inverted";"lai";24,4122887475602;1,12637663359515;"Validation error";"MTN Validation error";"LAI"
"296";"RFR";10;"Inverted";"lai";29,2722489946754;1,90717009782572;"Validation error";"RFR Validation error";"LAI"
"297";"ANN";15;"Inverted";"lai";34,6181837036596;3,1639574223208;"Validation error";"ANN Validation error";"LAI"
"298";"GPR";15;"Inverted";"lai";36,617108380025;2,74292718945863;"Validation error";"GPR Validation error";"LAI"
"299";"MTN";15;"Inverted";"lai";33,737957567274;3,4414160306784;"Validation error";"MTN Validation error";"LAI"
"300";"RFR";15;"Inverted";"lai";42,0568035396149;3,02546822920304;"Validation error";"RFR Validation error";"LAI"
"301";"ANN";20;"Inverted";"lai";48,3702450967708;5,8730396114477;"Validation error";"ANN Validation error";"LAI"
"302";"GPR";20;"Inverted";"lai";50,0112971867611;6,07334715842859;"Validation error";"GPR Validation error";"LAI"
"303";"MTN";20;"Inverted";"lai";47,732091832662;5,74678294759471;"Validation error";"MTN Validation error";"LAI"
"304";"RFR";20;"Inverted";"lai";62,3583438815978;8,83933102033398;"Validation error";"RFR Validation error";"LAI"
"305";"ANN";25;"Inverted";"lai";59,7774969615865;7,78111354132149;"Validation error";"ANN Validation error";"LAI"
"306";"GPR";25;"Inverted";"lai";58,6257224048947;7,2201942986652;"Validation error";"GPR Validation error";"LAI"
"307";"MTN";25;"Inverted";"lai";59,0497480156693;6,71395259053896;"Validation error";"MTN Validation error";"LAI"
"308";"RFR";25;"Inverted";"lai";72,3832260167734;9,63042671943004;"Validation error";"RFR Validation error";"LAI"
"309";"ANN";30;"Inverted";"lai";70,1313352706342;14,1401893132473;"Validation error";"ANN Validation error";"LAI"
"310";"GPR";30;"Inverted";"lai";69,0273471682836;12,9864328160234;"Validation error";"GPR Validation error";"LAI"
"311";"MTN";30;"Inverted";"lai";69,1435771073058;13,0275118886896;"Validation error";"MTN Validation error";"LAI"
"312";"RFR";30;"Inverted";"lai";79,8852932373146;14,0327185328047;"Validation error";"RFR Validation error";"LAI"
"313";"ANN";40;"Inverted";"lai";85,2856520092373;15,7427945289478;"Validation error";"ANN Validation error";"LAI"
"314";"GPR";40;"Inverted";"lai";84,9330838628182;13,7328546922178;"Validation error";"GPR Validation error";"LAI"
"315";"MTN";40;"Inverted";"lai";87,1030488528324;15,1361073839783;"Validation error";"MTN Validation error";"LAI"
"316";"RFR";40;"Inverted";"lai";88,3042102116172;15,4151675995528;"Validation error";"RFR Validation error";"LAI"
"317";"ANN";50;"Inverted";"lai";91,3819619289334;9,37041386803276;"Validation error";"ANN Validation error";"LAI"
"318";"GPR";50;"Inverted";"lai";89,8826365629359;9,77594677673523;"Validation error";"GPR Validation error";"LAI"
"319";"MTN";50;"Inverted";"lai";93,2449784843638;13,4776256694534;"Validation error";"MTN Validation error";"LAI"
"320";"RFR";50;"Inverted";"lai";92,6904802274585;9,94260517674941;"Validation error";"RFR Validation error";"LAI"
"321";"ANN";1;"Combined";"cab";2,14993122309264;0,534184468362095;"Training error";"ANN Training error";"Cab"
"322";"GPR";1;"Combined";"cab";4,29573714478238;0,0284425977424961;"Training error";"GPR Training error";"Cab"
"323";"MTN";1;"Combined";"cab";1,27529028744658;0,324254716703515;"Training error";"MTN Training error";"Cab"
"324";"RFR";1;"Combined";"cab";1,44541624606613;0,0326787832956181;"Training error";"RFR Training error";"Cab"
"325";"ANN";3;"Combined";"cab";2,76941948318904;0,363710160172371;"Training error";"ANN Training error";"Cab"
"326";"GPR";3;"Combined";"cab";6,55332281153717;0,0484014079685124;"Training error";"GPR Training error";"Cab"
"327";"MTN";3;"Combined";"cab";1,89500046650482;0,282062034945972;"Training error";"MTN Training error";"Cab"
"328";"RFR";3;"Combined";"cab";2,56824881628641;0,0619941218609514;"Training error";"RFR Training error";"Cab"
"329";"ANN";5;"Combined";"cab";5,0736964174097;0,348484283721713;"Training error";"ANN Training error";"Cab"
"330";"GPR";5;"Combined";"cab";9,44288758298955;0,077113977871941;"Training error";"GPR Training error";"Cab"
"331";"MTN";5;"Combined";"cab";3,67140364756723;0,235541426902266;"Training error";"MTN Training error";"Cab"
"332";"RFR";5;"Combined";"cab";3,9357771864197;0,0691028259663245;"Training error";"RFR Training error";"Cab"
"333";"ANN";10;"Combined";"cab";12,7507666993964;0,971722194558662;"Training error";"ANN Training error";"Cab"
"334";"GPR";10;"Combined";"cab";20,1225029153936;0,103714849868548;"Training error";"GPR Training error";"Cab"
"335";"MTN";10;"Combined";"cab";11,4205711280161;0,622476931332226;"Training error";"MTN Training error";"Cab"
"336";"RFR";10;"Combined";"cab";10,9897353322506;0,0867886933496732;"Training error";"RFR Training error";"Cab"
"337";"ANN";15;"Combined";"cab";22,5416638586441;1,07833890766701;"Training error";"ANN Training error";"Cab"
"338";"GPR";15;"Combined";"cab";25,5854102150831;0,155965329599886;"Training error";"GPR Training error";"Cab"
"339";"MTN";15;"Combined";"cab";21,656417575322;0,871947529055272;"Training error";"MTN Training error";"Cab"
"340";"RFR";15;"Combined";"cab";22,0337997142005;0,281113324004035;"Training error";"RFR Training error";"Cab"
"341";"ANN";20;"Combined";"cab";35,4298288726806;1,57887571773211;"Training error";"ANN Training error";"Cab"
"342";"GPR";20;"Combined";"cab";38,2160202553142;0,339122784618291;"Training error";"GPR Training error";"Cab"
"343";"MTN";20;"Combined";"cab";34,9643459913091;0,670293289398594;"Training error";"MTN Training error";"Cab"
"344";"RFR";20;"Combined";"cab";34,4309105548022;0,484103239100678;"Training error";"RFR Training error";"Cab"
"345";"ANN";25;"Combined";"cab";47,1076833805952;1,67142674795748;"Training error";"ANN Training error";"Cab"
"346";"GPR";25;"Combined";"cab";49,7597158850465;0,343143483346373;"Training error";"GPR Training error";"Cab"
"347";"MTN";25;"Combined";"cab";47,1482481634817;1,40498472337393;"Training error";"MTN Training error";"Cab"
"348";"RFR";25;"Combined";"cab";45,3266094155816;0,472410916018614;"Training error";"RFR Training error";"Cab"
"349";"ANN";30;"Combined";"cab";57,6260624781757;2,06659523688886;"Training error";"ANN Training error";"Cab"
"350";"GPR";30;"Combined";"cab";57,952796033641;0,316431435634398;"Training error";"GPR Training error";"Cab"
"351";"MTN";30;"Combined";"cab";57,0704487921313;1,06292238372319;"Training error";"MTN Training error";"Cab"
"352";"RFR";30;"Combined";"cab";53,8061953863164;0,319060357577185;"Training error";"RFR Training error";"Cab"
"353";"ANN";40;"Combined";"cab";62,6533341686811;3,28554446773715;"Training error";"ANN Training error";"Cab"
"354";"GPR";40;"Combined";"cab";62,3595455980945;0,379191450643977;"Training error";"GPR Training error";"Cab"
"355";"MTN";40;"Combined";"cab";61,005168417617;2,09193835478072;"Training error";"MTN Training error";"Cab"
"356";"RFR";40;"Combined";"cab";61,7745893640013;0,33969195947722;"Training error";"RFR Training error";"Cab"
"357";"ANN";50;"Combined";"cab";68,035823797166;2,93332055416507;"Training error";"ANN Training error";"Cab"
"358";"GPR";50;"Combined";"cab";68,9323406951323;0,614091139362597;"Training error";"GPR Training error";"Cab"
"359";"MTN";50;"Combined";"cab";68,0877284037695;2,00767775744273;"Training error";"MTN Training error";"Cab"
"360";"RFR";50;"Combined";"cab";66,1370432442747;0,597569445062757;"Training error";"RFR Training error";"Cab"
"361";"ANN";1;"Inverted";"cab";2,19660506118913;0,525127116916636;"Training error";"ANN Training error";"Cab"
"362";"GPR";1;"Inverted";"cab";4,31485499652387;0,0304553955006692;"Training error";"GPR Training error";"Cab"
"363";"MTN";1;"Inverted";"cab";1,3981011031573;0,348433550078024;"Training error";"MTN Training error";"Cab"
"364";"RFR";1;"Inverted";"cab";2,09740329732914;0,0277545361952428;"Training error";"RFR Training error";"Cab"
"365";"ANN";3;"Inverted";"cab";4,13812398426696;0,391785617329807;"Training error";"ANN Training error";"Cab"
"366";"GPR";3;"Inverted";"cab";7,17998029633193;0,0653696010271251;"Training error";"GPR Training error";"Cab"
"367";"MTN";3;"Inverted";"cab";3,59334540241222;0,616930570310164;"Training error";"MTN Training error";"Cab"
"368";"RFR";3;"Inverted";"cab";6,1321505903963;0,0690531805094806;"Training error";"RFR Training error";"Cab"
"369";"ANN";5;"Inverted";"cab";9,30569014114365;0,732057911340538;"Training error";"ANN Training error";"Cab"
"370";"GPR";5;"Inverted";"cab";10,7310088295965;0,0526382158817379;"Training error";"GPR Training error";"Cab"
"371";"MTN";5;"Inverted";"cab";7,31904825992616;0,497386528604696;"Training error";"MTN Training error";"Cab"
"372";"RFR";5;"Inverted";"cab";12,6191235141282;0,0949279137021014;"Training error";"RFR Training error";"Cab"
"373";"ANN";10;"Inverted";"cab";28,663286912477;0,509586004882116;"Training error";"ANN Training error";"Cab"
"374";"GPR";10;"Inverted";"cab";27,9967252646574;0,140887962298562;"Training error";"GPR Training error";"Cab"
"375";"MTN";10;"Inverted";"cab";24,9668886315478;0,964612746213111;"Training error";"MTN Training error";"Cab"
"376";"RFR";10;"Inverted";"cab";33,9190583898001;0,274296652961683;"Training error";"RFR Training error";"Cab"
"377";"ANN";15;"Inverted";"cab";48,1912982822358;2,32548657192466;"Training error";"ANN Training error";"Cab"
"378";"GPR";15;"Inverted";"cab";48,3864585077829;0,257000719278851;"Training error";"GPR Training error";"Cab"
"379";"MTN";15;"Inverted";"cab";46,5292171555638;0,967775128241852;"Training error";"MTN Training error";"Cab"
"380";"RFR";15;"Inverted";"cab";48,5661739143648;0,293783406166236;"Training error";"RFR Training error";"Cab"
"381";"ANN";20;"Inverted";"cab";59,1231382395221;3,58756190103308;"Training error";"ANN Training error";"Cab"
"382";"GPR";20;"Inverted";"cab";56,3974999975317;0,404403982176802;"Training error";"GPR Training error";"Cab"
"383";"MTN";20;"Inverted";"cab";57,6258560885605;1,71653803124848;"Training error";"MTN Training error";"Cab"
"384";"RFR";20;"Inverted";"cab";53,6891075833636;0,510670144967222;"Training error";"RFR Training error";"Cab"
"385";"ANN";25;"Inverted";"cab";75,0553376505671;12,8782675698445;"Training error";"ANN Training error";"Cab"
"386";"GPR";25;"Inverted";"cab";64,8491688886958;0,441193766311354;"Training error";"GPR Training error";"Cab"
"387";"MTN";25;"Inverted";"cab";65,5785341809045;1,38194506396124;"Training error";"MTN Training error";"Cab"
"388";"RFR";25;"Inverted";"cab";62,5200133276796;0,514158401823381;"Training error";"RFR Training error";"Cab"
"389";"ANN";30;"Inverted";"cab";76,3631628285652;6,70833855435141;"Training error";"ANN Training error";"Cab"
"390";"GPR";30;"Inverted";"cab";70,2935236606943;0,377993907142196;"Training error";"GPR Training error";"Cab"
"391";"MTN";30;"Inverted";"cab";71,099611885453;2,66608754752838;"Training error";"MTN Training error";"Cab"
"392";"RFR";30;"Inverted";"cab";61,5592566434782;0,245992560464032;"Training error";"RFR Training error";"Cab"
"393";"ANN";40;"Inverted";"cab";79,4882294292443;14,8172195564071;"Training error";"ANN Training error";"Cab"
"394";"GPR";40;"Inverted";"cab";66,8496082420603;0,677455652333438;"Training error";"GPR Training error";"Cab"
"395";"MTN";40;"Inverted";"cab";69,5369981567604;2,20574813237256;"Training error";"MTN Training error";"Cab"
"396";"RFR";40;"Inverted";"cab";61,0995169062334;0,521232601971926;"Training error";"RFR Training error";"Cab"
"397";"ANN";50;"Inverted";"cab";81,8848396543817;17,1491072249456;"Training error";"ANN Training error";"Cab"
"398";"GPR";50;"Inverted";"cab";79,0005041548327;0,859176888672769;"Training error";"GPR Training error";"Cab"
"399";"MTN";50;"Inverted";"cab";78,330793298459;2,14545354966765;"Training error";"MTN Training error";"Cab"
"400";"RFR";50;"Inverted";"cab";65,5852625820273;0,72569173517019;"Training error";"RFR Training error";"Cab"
"401";"ANN";1;"Combined";"cm";2,98865508574189;0,543675593513878;"Training error";"ANN Training error";"Cm"
"402";"GPR";1;"Combined";"cm";9,30093469834293;0,0563996603557943;"Training error";"GPR Training error";"Cm"
"403";"MTN";1;"Combined";"cm";2,48210313764513;0,528617399951424;"Training error";"MTN Training error";"Cm"
"404";"RFR";1;"Combined";"cm";35,3201768340259;0,333896226424947;"Training error";"RFR Training error";"Cm"
"405";"ANN";3;"Combined";"cm";6,77669308674113;0,50966307516151;"Training error";"ANN Training error";"Cm"
"406";"GPR";3;"Combined";"cm";14,7710577108301;0,0636870867694683;"Training error";"GPR Training error";"Cm"
"407";"MTN";3;"Combined";"cm";6,64330424701897;0,368181566431941;"Training error";"MTN Training error";"Cm"
"408";"RFR";3;"Combined";"cm";32,9910649193247;0,343389452460778;"Training error";"RFR Training error";"Cm"
"409";"ANN";5;"Combined";"cm";15,0058216111246;1,725209538896;"Training error";"ANN Training error";"Cm"
"410";"GPR";5;"Combined";"cm";19,8492337096528;0,0796460014957199;"Training error";"GPR Training error";"Cm"
"411";"MTN";5;"Combined";"cm";13,6366591215351;1,26923069314063;"Training error";"MTN Training error";"Cm"
"412";"RFR";5;"Combined";"cm";33,3480390305039;0,38773248018362;"Training error";"RFR Training error";"Cm"
"413";"ANN";10;"Combined";"cm";26,4147113741173;0,849678203339711;"Training error";"ANN Training error";"Cm"
"414";"GPR";10;"Combined";"cm";28,880400064285;0,143840126282286;"Training error";"GPR Training error";"Cm"
"415";"MTN";10;"Combined";"cm";25,9349740938227;0,427458511713629;"Training error";"MTN Training error";"Cm"
"416";"RFR";10;"Combined";"cm";35,0995364152585;0,38638878433162;"Training error";"RFR Training error";"Cm"
"417";"ANN";15;"Combined";"cm";26,4396635893948;0,640857798436067;"Training error";"ANN Training error";"Cm"
"418";"GPR";15;"Combined";"cm";28,4192476280974;0,139765269516312;"Training error";"GPR Training error";"Cm"
"419";"MTN";15;"Combined";"cm";26,5221827352636;0,325272039512121;"Training error";"MTN Training error";"Cm"
"420";"RFR";15;"Combined";"cm";34,2742015037702;0,175313367967145;"Training error";"RFR Training error";"Cm"
"421";"ANN";20;"Combined";"cm";35,4954647471021;1,03824989881371;"Training error";"ANN Training error";"Cm"
"422";"GPR";20;"Combined";"cm";34,6390660956605;0,0959523272376616;"Training error";"GPR Training error";"Cm"
"423";"MTN";20;"Combined";"cm";34,9468358197853;1,0806785385192;"Training error";"MTN Training error";"Cm"
"424";"RFR";20;"Combined";"cm";40,3829264914151;0,131530508919216;"Training error";"RFR Training error";"Cm"
"425";"ANN";25;"Combined";"cm";37,3311600122746;1,18948667676971;"Training error";"ANN Training error";"Cm"
"426";"GPR";25;"Combined";"cm";36,243138837165;0,128815364418731;"Training error";"GPR Training error";"Cm"
"427";"MTN";25;"Combined";"cm";36,8965283950787;1,03964675766;"Training error";"MTN Training error";"Cm"
"428";"RFR";25;"Combined";"cm";40,2661364970001;0,175186035146344;"Training error";"RFR Training error";"Cm"
"429";"ANN";30;"Combined";"cm";34,6945274658189;0,791307436249963;"Training error";"ANN Training error";"Cm"
"430";"GPR";30;"Combined";"cm";34,1360936883667;0,116930124575048;"Training error";"GPR Training error";"Cm"
"431";"MTN";30;"Combined";"cm";35,378591217982;0,671165093036945;"Training error";"MTN Training error";"Cm"
"432";"RFR";30;"Combined";"cm";36,8044031351455;0,134691209766226;"Training error";"RFR Training error";"Cm"
"433";"ANN";40;"Combined";"cm";43,2748098157376;1,52195760030577;"Training error";"ANN Training error";"Cm"
"434";"GPR";40;"Combined";"cm";42,8207638668336;0,252202563165762;"Training error";"GPR Training error";"Cm"
"435";"MTN";40;"Combined";"cm";43,7083239375876;1,99372346588247;"Training error";"MTN Training error";"Cm"
"436";"RFR";40;"Combined";"cm";43,067510469625;0,273831989327217;"Training error";"RFR Training error";"Cm"
"437";"ANN";50;"Combined";"cm";46,0939641935838;1,81349257170156;"Training error";"ANN Training error";"Cm"
"438";"GPR";50;"Combined";"cm";44,561685757581;0,337485406882963;"Training error";"GPR Training error";"Cm"
"439";"MTN";50;"Combined";"cm";46,6123089521201;1,46101343219608;"Training error";"MTN Training error";"Cm"
"440";"RFR";50;"Combined";"cm";44,5697754953264;0,163274513929978;"Training error";"RFR Training error";"Cm"
"441";"ANN";1;"Inverted";"cm";3,60714231955024;0,357773259499068;"Training error";"ANN Training error";"Cm"
"442";"GPR";1;"Inverted";"cm";9,46951140548019;0,0502544129200411;"Training error";"GPR Training error";"Cm"
"443";"MTN";1;"Inverted";"cm";7,83069673317663;12,3799977855377;"Training error";"MTN Training error";"Cm"
"444";"RFR";1;"Inverted";"cm";35,3511104237751;0,309853050317162;"Training error";"RFR Training error";"Cm"
"445";"ANN";3;"Inverted";"cm";15,8691454809923;0,488335673699454;"Training error";"ANN Training error";"Cm"
"446";"GPR";3;"Inverted";"cm";17,113066383201;0,0621955310510624;"Training error";"GPR Training error";"Cm"
"447";"MTN";3;"Inverted";"cm";13,2125282022195;0,317953385018831;"Training error";"MTN Training error";"Cm"
"448";"RFR";3;"Inverted";"cm";36,8842722175968;0,378927579579306;"Training error";"RFR Training error";"Cm"
"449";"ANN";5;"Inverted";"cm";25,9595822797953;1,16520882278133;"Training error";"ANN Training error";"Cm"
"450";"GPR";5;"Inverted";"cm";24,0083564646435;0,0603084153871706;"Training error";"GPR Training error";"Cm"
"451";"MTN";5;"Inverted";"cm";20,1771990736075;0,477395404880388;"Training error";"MTN Training error";"Cm"
"452";"RFR";5;"Inverted";"cm";35,1806076302118;0,434141397056176;"Training error";"RFR Training error";"Cm"
"453";"ANN";10;"Inverted";"cm";34,4422169444982;1,69475394351471;"Training error";"ANN Training error";"Cm"
"454";"GPR";10;"Inverted";"cm";30,8558881662208;0,116190507379198;"Training error";"GPR Training error";"Cm"
"455";"MTN";10;"Inverted";"cm";27,7963194756918;0,414332472811468;"Training error";"MTN Training error";"Cm"
"456";"RFR";10;"Inverted";"cm";39,5898361161378;0,22886567049861;"Training error";"RFR Training error";"Cm"
"457";"ANN";15;"Inverted";"cm";37,5648629336813;2,64543523639745;"Training error";"ANN Training error";"Cm"
"458";"GPR";15;"Inverted";"cm";31,44703901496;0,150159609245247;"Training error";"GPR Training error";"Cm"
"459";"MTN";15;"Inverted";"cm";30,7341433523996;0,831470926300392;"Training error";"MTN Training error";"Cm"
"460";"RFR";15;"Inverted";"cm";37,5520098818433;0,258175986331088;"Training error";"RFR Training error";"Cm"
"461";"ANN";20;"Inverted";"cm";44,3021919420482;2,4910700461533;"Training error";"ANN Training error";"Cm"
"462";"GPR";20;"Inverted";"cm";37,9723986509132;0,128936972436525;"Training error";"GPR Training error";"Cm"
"463";"MTN";20;"Inverted";"cm";38,0284169570641;1,22590020539075;"Training error";"MTN Training error";"Cm"
"464";"RFR";20;"Inverted";"cm";41,4676189781356;0,203002939625349;"Training error";"RFR Training error";"Cm"
"465";"ANN";25;"Inverted";"cm";46,9037409313982;2,95183007050571;"Training error";"ANN Training error";"Cm"
"466";"GPR";25;"Inverted";"cm";38,8679057558317;0,165366046375859;"Training error";"GPR Training error";"Cm"
"467";"MTN";25;"Inverted";"cm";39,7058757546454;0,898887049363539;"Training error";"MTN Training error";"Cm"
"468";"RFR";25;"Inverted";"cm";40,5381055000538;0,262481523928553;"Training error";"RFR Training error";"Cm"
"469";"ANN";30;"Inverted";"cm";47,8448514825688;6,07489340093863;"Training error";"ANN Training error";"Cm"
"470";"GPR";30;"Inverted";"cm";37,2696057045006;0,237671352737106;"Training error";"GPR Training error";"Cm"
"471";"MTN";30;"Inverted";"cm";38,5674909773023;0,80988559280647;"Training error";"MTN Training error";"Cm"
"472";"RFR";30;"Inverted";"cm";37,5676020651153;0,416844272695524;"Training error";"RFR Training error";"Cm"
"473";"ANN";40;"Inverted";"cm";54,3046658507123;8,80154889712217;"Training error";"ANN Training error";"Cm"
"474";"GPR";40;"Inverted";"cm";43,4685163416765;0,245763464337979;"Training error";"GPR Training error";"Cm"
"475";"MTN";40;"Inverted";"cm";44,22561568049;1,09608423102101;"Training error";"MTN Training error";"Cm"
"476";"RFR";40;"Inverted";"cm";42,3603190466353;0,576917961725583;"Training error";"RFR Training error";"Cm"
"477";"ANN";50;"Inverted";"cm";45,676264716752;4,10557601250965;"Training error";"ANN Training error";"Cm"
"478";"GPR";50;"Inverted";"cm";46,9544294750364;0,235028022531385;"Training error";"GPR Training error";"Cm"
"479";"MTN";50;"Inverted";"cm";47,1288994391581;1,53305570748672;"Training error";"MTN Training error";"Cm"
"480";"RFR";50;"Inverted";"cm";44,5911085471905;0,348072950161366;"Training error";"RFR Training error";"Cm"
"481";"ANN";1;"Combined";"cw";2,73341574791928;0,817492088169229;"Training error";"ANN Training error";"Cw"
"482";"GPR";1;"Combined";"cw";7,34166490058563;0,0480176378595089;"Training error";"GPR Training error";"Cw"
"483";"MTN";1;"Combined";"cw";2,45663419931219;0,474530332563787;"Training error";"MTN Training error";"Cw"
"484";"RFR";1;"Combined";"cw";41,244987050649;0,329636750940383;"Training error";"RFR Training error";"Cw"
"485";"ANN";3;"Combined";"cw";5,6344660240202;0,571968185727056;"Training error";"ANN Training error";"Cw"
"486";"GPR";3;"Combined";"cw";11,5060438249109;0,0443446181762403;"Training error";"GPR Training error";"Cw"
"487";"MTN";3;"Combined";"cw";5,59856175770649;0,387977722575149;"Training error";"MTN Training error";"Cw"
"488";"RFR";3;"Combined";"cw";40,8292957345772;0,290467284671253;"Training error";"RFR Training error";"Cw"
"489";"ANN";5;"Combined";"cw";10,3963471367295;0,845492249266532;"Training error";"ANN Training error";"Cw"
"490";"GPR";5;"Combined";"cw";13,8548205633586;0,107221093687988;"Training error";"GPR Training error";"Cw"
"491";"MTN";5;"Combined";"cw";11,4071136127593;1,28364581601867;"Training error";"MTN Training error";"Cw"
"492";"RFR";5;"Combined";"cw";38,4065527278606;0,285935247826871;"Training error";"RFR Training error";"Cw"
"493";"ANN";10;"Combined";"cw";21,2329003218047;0,740571813043653;"Training error";"ANN Training error";"Cw"
"494";"GPR";10;"Combined";"cw";22,5640716349881;0,0787259412144427;"Training error";"GPR Training error";"Cw"
"495";"MTN";10;"Combined";"cw";20,8526666696883;0,32413593592496;"Training error";"MTN Training error";"Cw"
"496";"RFR";10;"Combined";"cw";36,1639559919616;0,347883864985734;"Training error";"RFR Training error";"Cw"
"497";"ANN";15;"Combined";"cw";29,2420083557063;0,689527004433938;"Training error";"ANN Training error";"Cw"
"498";"GPR";15;"Combined";"cw";29,5373243886104;0,0704185211305079;"Training error";"GPR Training error";"Cw"
"499";"MTN";15;"Combined";"cw";28,996660482685;0,730531126045858;"Training error";"MTN Training error";"Cw"
"500";"RFR";15;"Combined";"cw";37,7232053702388;0,239108408580026;"Training error";"RFR Training error";"Cw"
"501";"ANN";20;"Combined";"cw";37,9441711440178;1,74285752316171;"Training error";"ANN Training error";"Cw"
"502";"GPR";20;"Combined";"cw";36,6721513021766;0,149312104659432;"Training error";"GPR Training error";"Cw"
"503";"MTN";20;"Combined";"cw";37,2488755547416;0,734327093788574;"Training error";"MTN Training error";"Cw"
"504";"RFR";20;"Combined";"cw";42,2219719894112;0,292492151717523;"Training error";"RFR Training error";"Cw"
"505";"ANN";25;"Combined";"cw";37,1010613123168;1,03074114327957;"Training error";"ANN Training error";"Cw"
"506";"GPR";25;"Combined";"cw";36,8671560085331;0,143432466951048;"Training error";"GPR Training error";"Cw"
"507";"MTN";25;"Combined";"cw";36,9726610680199;0,650799480130269;"Training error";"MTN Training error";"Cw"
"508";"RFR";25;"Combined";"cw";38,8490719625793;0,153017337667985;"Training error";"RFR Training error";"Cw"
"509";"ANN";30;"Combined";"cw";35,3446867542514;0,715091026928842;"Training error";"ANN Training error";"Cw"
"510";"GPR";30;"Combined";"cw";35,2007516496181;0,134029262214692;"Training error";"GPR Training error";"Cw"
"511";"MTN";30;"Combined";"cw";35,7022912292127;0,722348713571571;"Training error";"MTN Training error";"Cw"
"512";"RFR";30;"Combined";"cw";36,6748666704037;0,173931608852332;"Training error";"RFR Training error";"Cw"
"513";"ANN";40;"Combined";"cw";38,0522412527647;0,730092177998376;"Training error";"ANN Training error";"Cw"
"514";"GPR";40;"Combined";"cw";37,4006148541467;0,18470422313404;"Training error";"GPR Training error";"Cw"
"515";"MTN";40;"Combined";"cw";37,583665141641;0,926190423956537;"Training error";"MTN Training error";"Cw"
"516";"RFR";40;"Combined";"cw";37,794145399951;0,185082030184988;"Training error";"RFR Training error";"Cw"
"517";"ANN";50;"Combined";"cw";41,6873116739341;1,61417610493273;"Training error";"ANN Training error";"Cw"
"518";"GPR";50;"Combined";"cw";40,5300608186656;0,241695464605037;"Training error";"GPR Training error";"Cw"
"519";"MTN";50;"Combined";"cw";40,7582526533052;0,556023567939134;"Training error";"MTN Training error";"Cw"
"520";"RFR";50;"Combined";"cw";40,7943831506317;0,236323282240892;"Training error";"RFR Training error";"Cw"
"521";"ANN";1;"Inverted";"cw";3,11360271231191;0,701837764819404;"Training error";"ANN Training error";"Cw"
"522";"GPR";1;"Inverted";"cw";7,52753710511779;0,0456207484198499;"Training error";"GPR Training error";"Cw"
"523";"MTN";1;"Inverted";"cw";3,40180304591227;1,48695770907128;"Training error";"MTN Training error";"Cw"
"524";"RFR";1;"Inverted";"cw";40,9411838084509;0,463703499501595;"Training error";"RFR Training error";"Cw"
"525";"ANN";3;"Inverted";"cw";10,4668026384821;0,420460262898802;"Training error";"ANN Training error";"Cw"
"526";"GPR";3;"Inverted";"cw";12,4008247438136;0,0398823289629744;"Training error";"GPR Training error";"Cw"
"527";"MTN";3;"Inverted";"cw";9,49650908053309;0,532932654930246;"Training error";"MTN Training error";"Cw"
"528";"RFR";3;"Inverted";"cw";42,7094506385441;0,556285649136157;"Training error";"RFR Training error";"Cw"
"529";"ANN";5;"Inverted";"cw";19,6189921533914;0,850851405069045;"Training error";"ANN Training error";"Cw"
"530";"GPR";5;"Inverted";"cw";17,7893641604253;0,108235828334666;"Training error";"GPR Training error";"Cw"
"531";"MTN";5;"Inverted";"cw";15,9549304854926;0,906835141263028;"Training error";"MTN Training error";"Cw"
"532";"RFR";5;"Inverted";"cw";39,0266716689159;0,181130403279545;"Training error";"RFR Training error";"Cw"
"533";"ANN";10;"Inverted";"cw";26,0799324003885;0,628588173435764;"Training error";"ANN Training error";"Cw"
"534";"GPR";10;"Inverted";"cw";25,8043020831507;0,0858665668971556;"Training error";"GPR Training error";"Cw"
"535";"MTN";10;"Inverted";"cw";25,4441507719021;0,243281973019992;"Training error";"MTN Training error";"Cw"
"536";"RFR";10;"Inverted";"cw";38,5283811808957;0,365780042218069;"Training error";"RFR Training error";"Cw"
"537";"ANN";15;"Inverted";"cw";38,854540063313;3,13925479086725;"Training error";"ANN Training error";"Cw"
"538";"GPR";15;"Inverted";"cw";34,4614793529569;0,125175016786319;"Training error";"GPR Training error";"Cw"
"539";"MTN";15;"Inverted";"cw";34,5997616933071;0,849602235826145;"Training error";"MTN Training error";"Cw"
"540";"RFR";15;"Inverted";"cw";39,2897117953499;0,376715607086637;"Training error";"RFR Training error";"Cw"
"541";"ANN";20;"Inverted";"cw";45,4352866822894;1,91019331826244;"Training error";"ANN Training error";"Cw"
"542";"GPR";20;"Inverted";"cw";42,4645769470433;0,241421827781346;"Training error";"GPR Training error";"Cw"
"543";"MTN";20;"Inverted";"cw";42,2320862808314;0,856597828729181;"Training error";"MTN Training error";"Cw"
"544";"RFR";20;"Inverted";"cw";44,6568593999134;0,185848899502582;"Training error";"RFR Training error";"Cw"
"545";"ANN";25;"Inverted";"cw";40,7526438928142;3,43997753025058;"Training error";"ANN Training error";"Cw"
"546";"GPR";25;"Inverted";"cw";38,6729284319647;0,30321881890396;"Training error";"GPR Training error";"Cw"
"547";"MTN";25;"Inverted";"cw";38,4028837576561;1,21641650141736;"Training error";"MTN Training error";"Cw"
"548";"RFR";25;"Inverted";"cw";38,1756240068652;0,309829643295306;"Training error";"RFR Training error";"Cw"
"549";"ANN";30;"Inverted";"cw";47,967166836652;5,20038977946678;"Training error";"ANN Training error";"Cw"
"550";"GPR";30;"Inverted";"cw";38,6729491829751;0,203911767999251;"Training error";"GPR Training error";"Cw"
"551";"MTN";30;"Inverted";"cw";38,1301371647444;0,681404265131797;"Training error";"MTN Training error";"Cw"
"552";"RFR";30;"Inverted";"cw";39,1610971794261;0,261572276933039;"Training error";"RFR Training error";"Cw"
"553";"ANN";40;"Inverted";"cw";43,4096420266321;5,68282511438628;"Training error";"ANN Training error";"Cw"
"554";"GPR";40;"Inverted";"cw";39,490884923844;0,258521591394739;"Training error";"GPR Training error";"Cw"
"555";"MTN";40;"Inverted";"cw";39,465214621786;1,75035729478814;"Training error";"MTN Training error";"Cw"
"556";"RFR";40;"Inverted";"cw";38,1199694486103;0,416567613154468;"Training error";"RFR Training error";"Cw"
"557";"ANN";50;"Inverted";"cw";43,7727331476167;3,77081682599234;"Training error";"ANN Training error";"Cw"
"558";"GPR";50;"Inverted";"cw";40,6142010631796;0,28097565420533;"Training error";"GPR Training error";"Cw"
"559";"MTN";50;"Inverted";"cw";41,1554137764299;1,0769434457053;"Training error";"MTN Training error";"Cw"
"560";"RFR";50;"Inverted";"cw";39,965806126892;0,512487589195845;"Training error";"RFR Training error";"Cw"
"561";"ANN";1;"Combined";"lai";5,9924887215562;2,23490090824346;"Training error";"ANN Training error";"LAI"
"562";"GPR";1;"Combined";"lai";17,8058967894727;0,120565774058028;"Training error";"GPR Training error";"LAI"
"563";"MTN";1;"Combined";"lai";3,14875771309493;0,677568104902318;"Training error";"MTN Training error";"LAI"
"564";"RFR";1;"Combined";"lai";13,6317472117779;0,278287462484712;"Training error";"RFR Training error";"LAI"
"565";"ANN";3;"Combined";"lai";9,81687735825711;0,768320559637229;"Training error";"ANN Training error";"LAI"
"566";"GPR";3;"Combined";"lai";22,8389328779873;0,14545108638546;"Training error";"GPR Training error";"LAI"
"567";"MTN";3;"Combined";"lai";7,98601690479883;1,34388752728768;"Training error";"MTN Training error";"LAI"
"568";"RFR";3;"Combined";"lai";24,3755164068606;0,399774299874913;"Training error";"RFR Training error";"LAI"
"569";"ANN";5;"Combined";"lai";15,1602912509403;0,744408407065963;"Training error";"ANN Training error";"LAI"
"570";"GPR";5;"Combined";"lai";23,1108455472897;0,123910513302384;"Training error";"GPR Training error";"LAI"
"571";"MTN";5;"Combined";"lai";13,7336715065961;0,560092528314315;"Training error";"MTN Training error";"LAI"
"572";"RFR";5;"Combined";"lai";27,4452111785693;0,612646553283787;"Training error";"RFR Training error";"LAI"
"573";"ANN";10;"Combined";"lai";24,7050393540842;1,29265500331206;"Training error";"ANN Training error";"LAI"
"574";"GPR";10;"Combined";"lai";27,9375994018523;0,163207805207588;"Training error";"GPR Training error";"LAI"
"575";"MTN";10;"Combined";"lai";23,1551596467925;0,683800113463977;"Training error";"MTN Training error";"LAI"
"576";"RFR";10;"Combined";"lai";31,9930819946631;0,442894961227309;"Training error";"RFR Training error";"LAI"
"577";"ANN";15;"Combined";"lai";31,8725705889377;1,37882344674586;"Training error";"ANN Training error";"LAI"
"578";"GPR";15;"Combined";"lai";34,9560593301673;0,293193143188003;"Training error";"GPR Training error";"LAI"
"579";"MTN";15;"Combined";"lai";30,5869676835196;1,66375843879521;"Training error";"MTN Training error";"LAI"
"580";"RFR";15;"Combined";"lai";45,3084238774791;1,01630418581128;"Training error";"RFR Training error";"LAI"
"581";"ANN";20;"Combined";"lai";38,0964534295002;1,89220342238716;"Training error";"ANN Training error";"LAI"
"582";"GPR";20;"Combined";"lai";39,5200167091188;0,268246163632571;"Training error";"GPR Training error";"LAI"
"583";"MTN";20;"Combined";"lai";38,7737486576646;1,35320913100737;"Training error";"MTN Training error";"LAI"
"584";"RFR";20;"Combined";"lai";51,6050284972727;0,731995119081153;"Training error";"RFR Training error";"LAI"
"585";"ANN";25;"Combined";"lai";56,0535008719142;2,8868772737419;"Training error";"ANN Training error";"LAI"
"586";"GPR";25;"Combined";"lai";55,5463091428896;0,740714523175186;"Training error";"GPR Training error";"LAI"
"587";"MTN";25;"Combined";"lai";57,2893175110268;3,24300308940009;"Training error";"MTN Training error";"LAI"
"588";"RFR";25;"Combined";"lai";68,4261167979817;0,795161165794122;"Training error";"RFR Training error";"LAI"
"589";"ANN";30;"Combined";"lai";69,7954835946506;3,84826947632828;"Training error";"ANN Training error";"LAI"
"590";"GPR";30;"Combined";"lai";69,12965351565;0,4991572186225;"Training error";"GPR Training error";"LAI"
"591";"MTN";30;"Combined";"lai";68,8235700954073;3,37072627390443;"Training error";"MTN Training error";"LAI"
"592";"RFR";30;"Combined";"lai";79,5947273921228;0,770113911271287;"Training error";"RFR Training error";"LAI"
"593";"ANN";40;"Combined";"lai";90,242015883163;3,99855607819133;"Training error";"ANN Training error";"LAI"
"594";"GPR";40;"Combined";"lai";89,1641502249941;0,482133805196965;"Training error";"GPR Training error";"LAI"
"595";"MTN";40;"Combined";"lai";91,1806587844717;4,01739898357073;"Training error";"MTN Training error";"LAI"
"596";"RFR";40;"Combined";"lai";94,3450918524576;0,535358162619615;"Training error";"RFR Training error";"LAI"
"597";"ANN";50;"Combined";"lai";86,4296544764426;2,31504174150263;"Training error";"ANN Training error";"LAI"
"598";"GPR";50;"Combined";"lai";84,7315402111723;0,422370254728684;"Training error";"GPR Training error";"LAI"
"599";"MTN";50;"Combined";"lai";86,5797586790282;4,46471863536041;"Training error";"MTN Training error";"LAI"
"600";"RFR";50;"Combined";"lai";87,9552240710174;0,462801154902642;"Training error";"RFR Training error";"LAI"
"601";"ANN";1;"Inverted";"lai";6,87751109739152;2,11595866273919;"Training error";"ANN Training error";"LAI"
"602";"GPR";1;"Inverted";"lai";17,7807306523253;0,121578725532594;"Training error";"GPR Training error";"LAI"
"603";"MTN";1;"Inverted";"lai";5,37588022586858;1,57804013044182;"Training error";"MTN Training error";"LAI"
"604";"RFR";1;"Inverted";"lai";19,5745441126164;0,326425120935551;"Training error";"RFR Training error";"LAI"
"605";"ANN";3;"Inverted";"lai";17,6166503305952;0,946349529164467;"Training error";"ANN Training error";"LAI"
"606";"GPR";3;"Inverted";"lai";23,7635161345245;0,158575950583097;"Training error";"GPR Training error";"LAI"
"607";"MTN";3;"Inverted";"lai";13,7754579246651;0,514036374054103;"Training error";"MTN Training error";"LAI"
"608";"RFR";3;"Inverted";"lai";28,740785078291;0,339847942714318;"Training error";"RFR Training error";"LAI"
"609";"ANN";5;"Inverted";"lai";25,6248996773885;1,13325559084419;"Training error";"ANN Training error";"LAI"
"610";"GPR";5;"Inverted";"lai";25,6715145677064;0,130447937297562;"Training error";"GPR Training error";"LAI"
"611";"MTN";5;"Inverted";"lai";17,2904148405612;0,510329111661999;"Training error";"MTN Training error";"LAI"
"612";"RFR";5;"Inverted";"lai";29,9716693095003;0,381033220822882;"Training error";"RFR Training error";"LAI"
"613";"ANN";10;"Inverted";"lai";31,481907355235;1,31689770661729;"Training error";"ANN Training error";"LAI"
"614";"GPR";10;"Inverted";"lai";29,141322669562;0,189914034406248;"Training error";"GPR Training error";"LAI"
"615";"MTN";10;"Inverted";"lai";23,6394116695455;0,566580813197617;"Training error";"MTN Training error";"LAI"
"616";"RFR";10;"Inverted";"lai";38,2343078323825;0,879221292793166;"Training error";"RFR Training error";"LAI"
"617";"ANN";15;"Inverted";"lai";39,0269810331354;3,7376921279296;"Training error";"ANN Training error";"LAI"
"618";"GPR";15;"Inverted";"lai";37,8693248685613;0,366230120957153;"Training error";"GPR Training error";"LAI"
"619";"MTN";15;"Inverted";"lai";33,8520729500464;2,48238470124954;"Training error";"MTN Training error";"LAI"
"620";"RFR";15;"Inverted";"lai";65,8756057649812;1,54043017937735;"Training error";"RFR Training error";"LAI"
"621";"ANN";20;"Inverted";"lai";45,8741569728839;3,18526026140189;"Training error";"ANN Training error";"LAI"
"622";"GPR";20;"Inverted";"lai";44,2406800026261;0,290607606909859;"Training error";"GPR Training error";"LAI"
"623";"MTN";20;"Inverted";"lai";41,6384281504827;2,28380146250547;"Training error";"MTN Training error";"LAI"
"624";"RFR";20;"Inverted";"lai";64,8122979403535;1,29088991253354;"Training error";"RFR Training error";"LAI"
"625";"ANN";25;"Inverted";"lai";74,9379345172394;12,2659675750444;"Training error";"ANN Training error";"LAI"
"626";"GPR";25;"Inverted";"lai";60,7538193255315;0,456138185202069;"Training error";"GPR Training error";"LAI"
"627";"MTN";25;"Inverted";"lai";62,1668201573021;3,17501223301657;"Training error";"MTN Training error";"LAI"
"628";"RFR";25;"Inverted";"lai";89,4127994427843;2,71047336391055;"Training error";"RFR Training error";"LAI"
"629";"ANN";30;"Inverted";"lai";88,4432850719421;12,2974685484907;"Training error";"ANN Training error";"LAI"
"630";"GPR";30;"Inverted";"lai";67,1662727879477;0,352483508425484;"Training error";"GPR Training error";"LAI"
"631";"MTN";30;"Inverted";"lai";70,1466778519432;3,24926044821691;"Training error";"MTN Training error";"LAI"
"632";"RFR";30;"Inverted";"lai";90,2490672730016;1,21635642259652;"Training error";"RFR Training error";"LAI"
"633";"ANN";40;"Inverted";"lai";113,274019307411;15,8708650732654;"Training error";"ANN Training error";"LAI"
"634";"GPR";40;"Inverted";"lai";94,3330045685332;0,781119319311018;"Training error";"GPR Training error";"LAI"
"635";"MTN";40;"Inverted";"lai";91,0723067488061;3,70648859094049;"Training error";"MTN Training error";"LAI"
"636";"RFR";40;"Inverted";"lai";99,3548837434234;1,13826474122166;"Training error";"RFR Training error";"LAI"
"637";"ANN";50;"Inverted";"lai";97,5974531736741;6,42911654876005;"Training error";"ANN Training error";"LAI"
"638";"GPR";50;"Inverted";"lai";87,6549865399657;0,430031169188355;"Training error";"GPR Training error";"LAI"
"639";"MTN";50;"Inverted";"lai";86,2296439899438;3,09845495090288;"Training error";"MTN Training error";"LAI"
"640";"RFR";50;"Inverted";"lai";90,1848579562846;0,9594922793555;"Training error";"RFR Training error";"LAI"
