"";"Model";"NSamples";"Variable";"MAPE";"sd";"ErrorType";"ErrorTypeNames";"Model_ErrorType";"PT_type"
"1";"ANN";50;"cab";20,5617452454407;6,19589495370562;"Out-of-bag";"Validation error";"ANN Validation error";17
"2";"GPR";50;"cab";2,09664384305007;0,920377685994287;"Out-of-bag";"Validation error";"GPR Validation error";17
"3";"MTN";50;"cab";26,8051768771216;14,1598945230391;"Out-of-bag";"Validation error";"MTN Validation error";17
"4";"RFR";50;"cab";12,3079609634617;1,35703612037541;"Out-of-bag";"Validation error";"RFR Validation error";17
"5";"ANN";100;"cab";24,0448451435826;10,6453469200448;"Out-of-bag";"Validation error";"ANN Validation error";17
"6";"GPR";100;"cab";12,0642502539572;5,69341749331055;"Out-of-bag";"Validation error";"GPR Validation error";17
"7";"MTN";100;"cab";22,2903267506956;25,3091757588965;"Out-of-bag";"Validation error";"MTN Validation error";17
"8";"RFR";100;"cab";6,34833990217759;0,615905692853857;"Out-of-bag";"Validation error";"RFR Validation error";17
"9";"ANN";350;"cab";6,16294740887229;2,27989373010696;"Out-of-bag";"Validation error";"ANN Validation error";17
"10";"GPR";350;"cab";0,277199926115961;0,0723241354130849;"Out-of-bag";"Validation error";"GPR Validation error";17
"11";"MTN";350;"cab";3,54025803875225;0,879230920935222;"Out-of-bag";"Validation error";"MTN Validation error";17
"12";"RFR";350;"cab";3,27880886593621;0,218167437990505;"Out-of-bag";"Validation error";"RFR Validation error";17
"13";"ANN";600;"cab";4,10240139696811;0,654181038945999;"Out-of-bag";"Validation error";"ANN Validation error";17
"14";"GPR";600;"cab";0,0594710644188066;0,00658274909265243;"Out-of-bag";"Validation error";"GPR Validation error";17
"15";"MTN";600;"cab";2,69810756111161;0,836219642900295;"Out-of-bag";"Validation error";"MTN Validation error";17
"16";"RFR";600;"cab";2,07010429967505;0,063137877848883;"Out-of-bag";"Validation error";"RFR Validation error";17
"17";"ANN";850;"cab";4,949401436909;1,49814430786405;"Out-of-bag";"Validation error";"ANN Validation error";17
"18";"GPR";850;"cab";0,114629914592274;0,0127765758193342;"Out-of-bag";"Validation error";"GPR Validation error";17
"19";"MTN";850;"cab";2,36711311179557;0,498993322015722;"Out-of-bag";"Validation error";"MTN Validation error";17
"20";"RFR";850;"cab";2,03866691125637;0,0593761948863707;"Out-of-bag";"Validation error";"RFR Validation error";17
"21";"ANN";1100;"cab";3,28653591371494;0,795185374150489;"Out-of-bag";"Validation error";"ANN Validation error";17
"22";"GPR";1100;"cab";0,0628859602834289;0,00575473868521734;"Out-of-bag";"Validation error";"GPR Validation error";17
"23";"MTN";1100;"cab";2,23797117636968;0,534239330032354;"Out-of-bag";"Validation error";"MTN Validation error";17
"24";"RFR";1100;"cab";1,52216188557122;0,0550023072753607;"Out-of-bag";"Validation error";"RFR Validation error";17
"25";"ANN";1350;"cab";3,78480857288976;0,940607731985373;"Out-of-bag";"Validation error";"ANN Validation error";17
"26";"GPR";1350;"cab";0,0632591448186851;0,0240957119154174;"Out-of-bag";"Validation error";"GPR Validation error";17
"27";"MTN";1350;"cab";1,50398629479744;0,179456742741179;"Out-of-bag";"Validation error";"MTN Validation error";17
"28";"RFR";1350;"cab";1,50614550560543;0,0438452653326705;"Out-of-bag";"Validation error";"RFR Validation error";17
"29";"ANN";1600;"cab";3,05148071226944;0,505794170867089;"Out-of-bag";"Validation error";"ANN Validation error";17
"30";"GPR";1600;"cab";0,0653736622956045;0,00312919187538283;"Out-of-bag";"Validation error";"GPR Validation error";17
"31";"MTN";1600;"cab";1,82695705753938;0,513151701664735;"Out-of-bag";"Validation error";"MTN Validation error";17
"32";"RFR";1600;"cab";1,57389591688106;0,0584151703795123;"Out-of-bag";"Validation error";"RFR Validation error";17
"33";"ANN";1850;"cab";2,45283218855387;0,484811437448191;"Out-of-bag";"Validation error";"ANN Validation error";17
"34";"GPR";1850;"cab";0,043877554184217;0,00325525295347186;"Out-of-bag";"Validation error";"GPR Validation error";17
"35";"MTN";1850;"cab";1,20337116166817;0,291764189165256;"Out-of-bag";"Validation error";"MTN Validation error";17
"36";"RFR";1850;"cab";1,3433007494499;0,0242936717866715;"Out-of-bag";"Validation error";"RFR Validation error";17
"37";"ANN";2100;"cab";2,21734095025717;0,483058618100673;"Out-of-bag";"Validation error";"ANN Validation error";17
"38";"GPR";2100;"cab";0,0350791858033288;0,0023660031048219;"Out-of-bag";"Validation error";"GPR Validation error";17
"39";"MTN";2100;"cab";1,26301065740358;0,204582574271112;"Out-of-bag";"Validation error";"MTN Validation error";17
"40";"RFR";2100;"cab";1,12042008411208;0,0513331296791177;"Out-of-bag";"Validation error";"RFR Validation error";17
"41";"ANN";2350;"cab";2,56796035556113;0,402696540211187;"Out-of-bag";"Validation error";"ANN Validation error";17
"42";"GPR";2350;"cab";0,0417867437159312;0,00205656848302248;"Out-of-bag";"Validation error";"GPR Validation error";17
"43";"MTN";2350;"cab";1,24339308797391;0,330223802337992;"Out-of-bag";"Validation error";"MTN Validation error";17
"44";"RFR";2350;"cab";1,32290249431463;0,0470049901494557;"Out-of-bag";"Validation error";"RFR Validation error";17
"45";"ANN";2600;"cab";2,37835495702104;0,600856457675449;"Out-of-bag";"Validation error";"ANN Validation error";17
"46";"GPR";2600;"cab";0,0527594259961059;0,00582587596934421;"Out-of-bag";"Validation error";"GPR Validation error";17
"47";"MTN";2600;"cab";1,29475131130943;0,304310103138224;"Out-of-bag";"Validation error";"MTN Validation error";17
"48";"RFR";2600;"cab";1,37592396491916;0,0253012615421609;"Out-of-bag";"Validation error";"RFR Validation error";17
"49";"ANN";2850;"cab";2,04461569417824;0,526081657178099;"Out-of-bag";"Validation error";"ANN Validation error";17
"50";"GPR";2850;"cab";0,042317356434923;0,00162476307000531;"Out-of-bag";"Validation error";"GPR Validation error";17
"51";"MTN";2850;"cab";1,03146769517219;0,201470292220404;"Out-of-bag";"Validation error";"MTN Validation error";17
"52";"RFR";2850;"cab";1,13882703716455;0,0285300669465744;"Out-of-bag";"Validation error";"RFR Validation error";17
"53";"ANN";3100;"cab";2,17075634980527;0,371061725188285;"Out-of-bag";"Validation error";"ANN Validation error";17
"54";"GPR";3100;"cab";0,0369867175883603;0,000708366598690942;"Out-of-bag";"Validation error";"GPR Validation error";17
"55";"MTN";3100;"cab";1,06039428443461;0,227855022073779;"Out-of-bag";"Validation error";"MTN Validation error";17
"56";"RFR";3100;"cab";1,32923818359921;0,0266703046665122;"Out-of-bag";"Validation error";"RFR Validation error";17
"57";"ANN";3350;"cab";1,83491265575667;0,380187742014876;"Out-of-bag";"Validation error";"ANN Validation error";17
"58";"GPR";3350;"cab";0,0309809702683102;0,00107286564133925;"Out-of-bag";"Validation error";"GPR Validation error";17
"59";"MTN";3350;"cab";1,0053775545145;0,228747478039929;"Out-of-bag";"Validation error";"MTN Validation error";17
"60";"RFR";3350;"cab";1,25140013991201;0,0363593718556111;"Out-of-bag";"Validation error";"RFR Validation error";17
"61";"ANN";3600;"cab";1,8143599205528;0,498358163200695;"Out-of-bag";"Validation error";"ANN Validation error";17
"62";"GPR";3600;"cab";0,0318994760210391;0,00106606728633897;"Out-of-bag";"Validation error";"GPR Validation error";17
"63";"MTN";3600;"cab";0,983116212328917;0,185068548251345;"Out-of-bag";"Validation error";"MTN Validation error";17
"64";"RFR";3600;"cab";1,29281136555161;0,0218971934022763;"Out-of-bag";"Validation error";"RFR Validation error";17
"65";"ANN";3850;"cab";1,62501071178688;0,333658458129314;"Out-of-bag";"Validation error";"ANN Validation error";17
"66";"GPR";3850;"cab";0,0322086561298415;0,00208018122300433;"Out-of-bag";"Validation error";"GPR Validation error";17
"67";"MTN";3850;"cab";1,05571018389197;0,250632958161138;"Out-of-bag";"Validation error";"MTN Validation error";17
"68";"RFR";3850;"cab";1,37041032970855;0,0195840842645606;"Out-of-bag";"Validation error";"RFR Validation error";17
"69";"ANN";4000;"cab";1,74500031358193;0,458705891760072;"Out-of-bag";"Validation error";"ANN Validation error";17
"70";"GPR";4000;"cab";0,0270164916692785;0,00103254275194808;"Out-of-bag";"Validation error";"GPR Validation error";17
"71";"MTN";4000;"cab";1,05974278506633;0,244568675802867;"Out-of-bag";"Validation error";"MTN Validation error";17
"72";"RFR";4000;"cab";1,39699276859459;0,0264622999091619;"Out-of-bag";"Validation error";"RFR Validation error";17
"73";"ANN";50;"cm";20,3675424005178;3,16042430298473;"Out-of-bag";"Validation error";"ANN Validation error";17
"74";"GPR";50;"cm";3,45210627284151;1,21709725203297;"Out-of-bag";"Validation error";"GPR Validation error";17
"75";"MTN";50;"cm";23,4133266322011;8,4784276008756;"Out-of-bag";"Validation error";"MTN Validation error";17
"76";"RFR";50;"cm";37,6626774470669;1,79915991900119;"Out-of-bag";"Validation error";"RFR Validation error";17
"77";"ANN";100;"cm";34,0817265941967;5,81717085841943;"Out-of-bag";"Validation error";"ANN Validation error";17
"78";"GPR";100;"cm";8,0928640278356;1,90926805465701;"Out-of-bag";"Validation error";"GPR Validation error";17
"79";"MTN";100;"cm";40,8828970269622;9,76990407386197;"Out-of-bag";"Validation error";"MTN Validation error";17
"80";"RFR";100;"cm";40,5067586608355;2,35400074717085;"Out-of-bag";"Validation error";"RFR Validation error";17
"81";"ANN";350;"cm";8,38438933401083;2,47263999755854;"Out-of-bag";"Validation error";"ANN Validation error";17
"82";"GPR";350;"cm";0,353757327548832;0,0526162819293586;"Out-of-bag";"Validation error";"GPR Validation error";17
"83";"MTN";350;"cm";7,73687311883202;2,87576003806458;"Out-of-bag";"Validation error";"MTN Validation error";17
"84";"RFR";350;"cm";25,9829909753828;0,959264285027153;"Out-of-bag";"Validation error";"RFR Validation error";17
"85";"ANN";600;"cm";5,8315467223654;1,28555157596097;"Out-of-bag";"Validation error";"ANN Validation error";17
"86";"GPR";600;"cm";0,202994606427561;0,0437140809223657;"Out-of-bag";"Validation error";"GPR Validation error";17
"87";"MTN";600;"cm";7,24257282042153;3,04873590565519;"Out-of-bag";"Validation error";"MTN Validation error";17
"88";"RFR";600;"cm";30,2791125793475;0,78132762161492;"Out-of-bag";"Validation error";"RFR Validation error";17
"89";"ANN";850;"cm";5,13022303024069;1,2330671075837;"Out-of-bag";"Validation error";"ANN Validation error";17
"90";"GPR";850;"cm";0,125004794702053;0,00816553688931008;"Out-of-bag";"Validation error";"GPR Validation error";17
"91";"MTN";850;"cm";3,87531390497615;0,832784429359214;"Out-of-bag";"Validation error";"MTN Validation error";17
"92";"RFR";850;"cm";29,7234706533322;0,690744980285267;"Out-of-bag";"Validation error";"RFR Validation error";17
"93";"ANN";1100;"cm";4,67175010824041;1,45062010246284;"Out-of-bag";"Validation error";"ANN Validation error";17
"94";"GPR";1100;"cm";0,0903582967088016;0,00331415231142862;"Out-of-bag";"Validation error";"GPR Validation error";17
"95";"MTN";1100;"cm";4,86065234990826;1,86847447321705;"Out-of-bag";"Validation error";"MTN Validation error";17
"96";"RFR";1100;"cm";31,8032780963285;0,496156224172986;"Out-of-bag";"Validation error";"RFR Validation error";17
"97";"ANN";1350;"cm";3,89804642993703;0,901004212456202;"Out-of-bag";"Validation error";"ANN Validation error";17
"98";"GPR";1350;"cm";0,119664281016164;0,0417171545556744;"Out-of-bag";"Validation error";"GPR Validation error";17
"99";"MTN";1350;"cm";3,63510361718821;0,689242269696622;"Out-of-bag";"Validation error";"MTN Validation error";17
"100";"RFR";1350;"cm";36,8931170773677;0,462508974466351;"Out-of-bag";"Validation error";"RFR Validation error";17
"101";"ANN";1600;"cm";3,95357088243294;0,774004548582206;"Out-of-bag";"Validation error";"ANN Validation error";17
"102";"GPR";1600;"cm";0,0991453920275005;0,00354899747396217;"Out-of-bag";"Validation error";"GPR Validation error";17
"103";"MTN";1600;"cm";3,60117473633252;0,655524850111721;"Out-of-bag";"Validation error";"MTN Validation error";17
"104";"RFR";1600;"cm";39,7612774365385;0,55172066859754;"Out-of-bag";"Validation error";"RFR Validation error";17
"105";"ANN";1850;"cm";3,16405015894217;0,611882802077351;"Out-of-bag";"Validation error";"ANN Validation error";17
"106";"GPR";1850;"cm";0,0834457664569735;0,00231955984165456;"Out-of-bag";"Validation error";"GPR Validation error";17
"107";"MTN";1850;"cm";2,8098437619525;0,569581758523083;"Out-of-bag";"Validation error";"MTN Validation error";17
"108";"RFR";1850;"cm";39,4020472891044;0,3728173905711;"Out-of-bag";"Validation error";"RFR Validation error";17
"109";"ANN";2100;"cm";3,26597694595555;1,54760778591346;"Out-of-bag";"Validation error";"ANN Validation error";17
"110";"GPR";2100;"cm";0,0658828862789119;0,00212475396361842;"Out-of-bag";"Validation error";"GPR Validation error";17
"111";"MTN";2100;"cm";2,24584240957336;0,277691320188688;"Out-of-bag";"Validation error";"MTN Validation error";17
"112";"RFR";2100;"cm";36,1111336413001;0,413506197937991;"Out-of-bag";"Validation error";"RFR Validation error";17
"113";"ANN";2350;"cm";3,09966488164881;1,00639740469796;"Out-of-bag";"Validation error";"ANN Validation error";17
"114";"GPR";2350;"cm";0,0680434427434887;0,00127175105607601;"Out-of-bag";"Validation error";"GPR Validation error";17
"115";"MTN";2350;"cm";2,83802742027432;1,16114923142674;"Out-of-bag";"Validation error";"MTN Validation error";17
"116";"RFR";2350;"cm";43,8979107512517;0,347918514860789;"Out-of-bag";"Validation error";"RFR Validation error";17
"117";"ANN";2600;"cm";2,48398460177939;0,252795932026002;"Out-of-bag";"Validation error";"ANN Validation error";17
"118";"GPR";2600;"cm";0,0594747859640716;0,00150155710172208;"Out-of-bag";"Validation error";"GPR Validation error";17
"119";"MTN";2600;"cm";1,93588549153051;0,507784993033078;"Out-of-bag";"Validation error";"MTN Validation error";17
"120";"RFR";2600;"cm";37,1191986540113;0,314726732697926;"Out-of-bag";"Validation error";"RFR Validation error";17
"121";"ANN";2850;"cm";2,94894482933902;1,13027708038989;"Out-of-bag";"Validation error";"ANN Validation error";17
"122";"GPR";2850;"cm";0,0602154351266386;0,00143113954842745;"Out-of-bag";"Validation error";"GPR Validation error";17
"123";"MTN";2850;"cm";3,11071352110727;1,76136010387949;"Out-of-bag";"Validation error";"MTN Validation error";17
"124";"RFR";2850;"cm";37,0478026896289;0,208076360961786;"Out-of-bag";"Validation error";"RFR Validation error";17
"125";"ANN";3100;"cm";2,75883137128537;0,775382031854211;"Out-of-bag";"Validation error";"ANN Validation error";17
"126";"GPR";3100;"cm";0,0593140757696078;0,000805662087938619;"Out-of-bag";"Validation error";"GPR Validation error";17
"127";"MTN";3100;"cm";2,16393989084698;0,970681824098896;"Out-of-bag";"Validation error";"MTN Validation error";17
"128";"RFR";3100;"cm";38,6860817267241;0,306585471543262;"Out-of-bag";"Validation error";"RFR Validation error";17
"129";"ANN";3350;"cm";2,27845193696892;0,421801833663865;"Out-of-bag";"Validation error";"ANN Validation error";17
"130";"GPR";3350;"cm";0,0575906744830076;0,00128048078509291;"Out-of-bag";"Validation error";"GPR Validation error";17
"131";"MTN";3350;"cm";2,33536997288674;0,814072276368816;"Out-of-bag";"Validation error";"MTN Validation error";17
"132";"RFR";3350;"cm";37,511617088944;0,293191146897411;"Out-of-bag";"Validation error";"RFR Validation error";17
"133";"ANN";3600;"cm";2,37386023229029;0,645689811148553;"Out-of-bag";"Validation error";"ANN Validation error";17
"134";"GPR";3600;"cm";0,054351060650449;0,00154794565905812;"Out-of-bag";"Validation error";"GPR Validation error";17
"135";"MTN";3600;"cm";1,6427927351687;0,356353399698607;"Out-of-bag";"Validation error";"MTN Validation error";17
"136";"RFR";3600;"cm";39,3204245619443;0,255118273243532;"Out-of-bag";"Validation error";"RFR Validation error";17
"137";"ANN";3850;"cm";2,17291766590524;0,438642373671363;"Out-of-bag";"Validation error";"ANN Validation error";17
"138";"GPR";3850;"cm";0,0552901026626886;0,000918015781732973;"Out-of-bag";"Validation error";"GPR Validation error";17
"139";"MTN";3850;"cm";2,53603749610993;1,76739396353576;"Out-of-bag";"Validation error";"MTN Validation error";17
"140";"RFR";3850;"cm";37,888359942966;0,236235563062806;"Out-of-bag";"Validation error";"RFR Validation error";17
"141";"ANN";4000;"cm";2,09432993919126;0,464065935688521;"Out-of-bag";"Validation error";"ANN Validation error";17
"142";"GPR";4000;"cm";0,0495411632593968;0,0011383414391248;"Out-of-bag";"Validation error";"GPR Validation error";17
"143";"MTN";4000;"cm";1,93029491984838;0,836506652576313;"Out-of-bag";"Validation error";"MTN Validation error";17
"144";"RFR";4000;"cm";39,3278179636272;0,298017859983236;"Out-of-bag";"Validation error";"RFR Validation error";17
"145";"ANN";50;"cw";39,6233252662552;7,61736239137458;"Out-of-bag";"Validation error";"ANN Validation error";17
"146";"GPR";50;"cw";3,8183374036328;1,20574332755268;"Out-of-bag";"Validation error";"GPR Validation error";17
"147";"MTN";50;"cw";52,2590834502295;19,4347880212805;"Out-of-bag";"Validation error";"MTN Validation error";17
"148";"RFR";50;"cw";72,0158868055876;6,00386672959609;"Out-of-bag";"Validation error";"RFR Validation error";17
"149";"ANN";100;"cw";30,1415351406145;6,41289174802993;"Out-of-bag";"Validation error";"ANN Validation error";17
"150";"GPR";100;"cw";7,49933197104123;2,7776377144186;"Out-of-bag";"Validation error";"GPR Validation error";17
"151";"MTN";100;"cw";36,746480119564;10,7040748147027;"Out-of-bag";"Validation error";"MTN Validation error";17
"152";"RFR";100;"cw";70,1763996431164;4,6718261020148;"Out-of-bag";"Validation error";"RFR Validation error";17
"153";"ANN";350;"cw";11,2472205434379;3,18347000816686;"Out-of-bag";"Validation error";"ANN Validation error";17
"154";"GPR";350;"cw";0,394751207355912;0,0323280796775131;"Out-of-bag";"Validation error";"GPR Validation error";17
"155";"MTN";350;"cw";12,8022867548896;1,34852034710495;"Out-of-bag";"Validation error";"MTN Validation error";17
"156";"RFR";350;"cw";49,1392327621938;1,39855219863848;"Out-of-bag";"Validation error";"RFR Validation error";17
"157";"ANN";600;"cw";6,98702148118426;1,69167002574322;"Out-of-bag";"Validation error";"ANN Validation error";17
"158";"GPR";600;"cw";0,161116655068533;0,0317674623105006;"Out-of-bag";"Validation error";"GPR Validation error";17
"159";"MTN";600;"cw";9,43545665499939;2,80219193456161;"Out-of-bag";"Validation error";"MTN Validation error";17
"160";"RFR";600;"cw";50,8210994980936;0,947862151345325;"Out-of-bag";"Validation error";"RFR Validation error";17
"161";"ANN";850;"cw";5,51135940493308;1,1866613178314;"Out-of-bag";"Validation error";"ANN Validation error";17
"162";"GPR";850;"cw";0,151958488857412;0,0180409069824307;"Out-of-bag";"Validation error";"GPR Validation error";17
"163";"MTN";850;"cw";5,84535968847068;1,60745787773759;"Out-of-bag";"Validation error";"MTN Validation error";17
"164";"RFR";850;"cw";39,1186083455045;0,56093085128126;"Out-of-bag";"Validation error";"RFR Validation error";17
"165";"ANN";1100;"cw";3,85888540050321;0,738818904270518;"Out-of-bag";"Validation error";"ANN Validation error";17
"166";"GPR";1100;"cw";0,0839685398586156;0,00417297007789108;"Out-of-bag";"Validation error";"GPR Validation error";17
"167";"MTN";1100;"cw";4,45740542832304;1,39302389820126;"Out-of-bag";"Validation error";"MTN Validation error";17
"168";"RFR";1100;"cw";41,7392452097689;0,497634222116047;"Out-of-bag";"Validation error";"RFR Validation error";17
"169";"ANN";1350;"cw";3,90024568255979;0,769943345701029;"Out-of-bag";"Validation error";"ANN Validation error";17
"170";"GPR";1350;"cw";0,109498609418848;0,0412326846679208;"Out-of-bag";"Validation error";"GPR Validation error";17
"171";"MTN";1350;"cw";3,92940922081997;0,174305693848936;"Out-of-bag";"Validation error";"MTN Validation error";17
"172";"RFR";1350;"cw";46,5851558512437;0,435260366494685;"Out-of-bag";"Validation error";"RFR Validation error";17
"173";"ANN";1600;"cw";3,57080640761184;0,529117616637359;"Out-of-bag";"Validation error";"ANN Validation error";17
"174";"GPR";1600;"cw";0,0765594554354954;0,00626837529724772;"Out-of-bag";"Validation error";"GPR Validation error";17
"175";"MTN";1600;"cw";3,20064060585198;0,541983600863386;"Out-of-bag";"Validation error";"MTN Validation error";17
"176";"RFR";1600;"cw";45,7915780103329;0,817018867302469;"Out-of-bag";"Validation error";"RFR Validation error";17
"177";"ANN";1850;"cw";2,75948125384763;0,479279751009757;"Out-of-bag";"Validation error";"ANN Validation error";17
"178";"GPR";1850;"cw";0,0681538398436627;0,00219165093603775;"Out-of-bag";"Validation error";"GPR Validation error";17
"179";"MTN";1850;"cw";1,98732552647611;0,529279758093698;"Out-of-bag";"Validation error";"MTN Validation error";17
"180";"RFR";1850;"cw";45,1877337995614;0,494635695319073;"Out-of-bag";"Validation error";"RFR Validation error";17
"181";"ANN";2100;"cw";2,86539779235387;1,25745102373095;"Out-of-bag";"Validation error";"ANN Validation error";17
"182";"GPR";2100;"cw";0,0565322524836036;0,000978317818578386;"Out-of-bag";"Validation error";"GPR Validation error";17
"183";"MTN";2100;"cw";1,81560593911806;0,302749072048832;"Out-of-bag";"Validation error";"MTN Validation error";17
"184";"RFR";2100;"cw";42,3749745397674;0,208799402520711;"Out-of-bag";"Validation error";"RFR Validation error";17
"185";"ANN";2350;"cw";2,33639680580393;0,467076464729849;"Out-of-bag";"Validation error";"ANN Validation error";17
"186";"GPR";2350;"cw";0,0546017695646477;0,0013832581821105;"Out-of-bag";"Validation error";"GPR Validation error";17
"187";"MTN";2350;"cw";2,05490797446949;0,493452222646685;"Out-of-bag";"Validation error";"MTN Validation error";17
"188";"RFR";2350;"cw";41,0092868658998;0,427125606740779;"Out-of-bag";"Validation error";"RFR Validation error";17
"189";"ANN";2600;"cw";2,34965573734732;0,366478463317567;"Out-of-bag";"Validation error";"ANN Validation error";17
"190";"GPR";2600;"cw";0,0507367247911791;0,00357700179048245;"Out-of-bag";"Validation error";"GPR Validation error";17
"191";"MTN";2600;"cw";1,98261981263864;0,512540271699231;"Out-of-bag";"Validation error";"MTN Validation error";17
"192";"RFR";2600;"cw";40,6222420874156;0,293419266735568;"Out-of-bag";"Validation error";"RFR Validation error";17
"193";"ANN";2850;"cw";2,43434978068668;0,491676605924014;"Out-of-bag";"Validation error";"ANN Validation error";17
"194";"GPR";2850;"cw";0,0541123133952048;0,00164241596834347;"Out-of-bag";"Validation error";"GPR Validation error";17
"195";"MTN";2850;"cw";2,59235688752251;1,48701371297464;"Out-of-bag";"Validation error";"MTN Validation error";17
"196";"RFR";2850;"cw";41,5197004487657;0,317633207342134;"Out-of-bag";"Validation error";"RFR Validation error";17
"197";"ANN";3100;"cw";2,41605441358726;0,356926191941084;"Out-of-bag";"Validation error";"ANN Validation error";17
"198";"GPR";3100;"cw";0,0553955541925979;0,000806298765028093;"Out-of-bag";"Validation error";"GPR Validation error";17
"199";"MTN";3100;"cw";2,05686826997127;0,663769354050521;"Out-of-bag";"Validation error";"MTN Validation error";17
"200";"RFR";3100;"cw";44,3136708770432;0,218394908572256;"Out-of-bag";"Validation error";"RFR Validation error";17
"201";"ANN";3350;"cw";2,08585382574513;0,389746845083393;"Out-of-bag";"Validation error";"ANN Validation error";17
"202";"GPR";3350;"cw";0,0479063175642197;0,000687312269574015;"Out-of-bag";"Validation error";"GPR Validation error";17
"203";"MTN";3350;"cw";1,91695044088755;0,488476344367691;"Out-of-bag";"Validation error";"MTN Validation error";17
"204";"RFR";3350;"cw";45,7804469576718;0,257281486652896;"Out-of-bag";"Validation error";"RFR Validation error";17
"205";"ANN";3600;"cw";2,06691163630745;0,284834810452591;"Out-of-bag";"Validation error";"ANN Validation error";17
"206";"GPR";3600;"cw";0,0494927119829739;0,000706373739935427;"Out-of-bag";"Validation error";"GPR Validation error";17
"207";"MTN";3600;"cw";1,46825025101363;0,210008473264651;"Out-of-bag";"Validation error";"MTN Validation error";17
"208";"RFR";3600;"cw";43,2347595881345;0,322126549492986;"Out-of-bag";"Validation error";"RFR Validation error";17
"209";"ANN";3850;"cw";2,16520831205053;0,417180608161676;"Out-of-bag";"Validation error";"ANN Validation error";17
"210";"GPR";3850;"cw";0,0581299684953566;0,00177703550025749;"Out-of-bag";"Validation error";"GPR Validation error";17
"211";"MTN";3850;"cw";2,41737978384594;1,31367434771485;"Out-of-bag";"Validation error";"MTN Validation error";17
"212";"RFR";3850;"cw";46,6903417745335;0,139664223143889;"Out-of-bag";"Validation error";"RFR Validation error";17
"213";"ANN";4000;"cw";2,07609932435901;0,609740663301452;"Out-of-bag";"Validation error";"ANN Validation error";17
"214";"GPR";4000;"cw";0,0435916330770559;0,000775218957428374;"Out-of-bag";"Validation error";"GPR Validation error";17
"215";"MTN";4000;"cw";1,78030571611616;0,52287481493682;"Out-of-bag";"Validation error";"MTN Validation error";17
"216";"RFR";4000;"cw";42,379518415492;0,166890174067163;"Out-of-bag";"Validation error";"RFR Validation error";17
"217";"ANN";50;"lai";27,8967111135497;4,67067010578443;"Out-of-bag";"Validation error";"ANN Validation error";17
"218";"GPR";50;"lai";16,506902892237;5,11490660988253;"Out-of-bag";"Validation error";"GPR Validation error";17
"219";"MTN";50;"lai";23,8956524546566;4,15591942001294;"Out-of-bag";"Validation error";"MTN Validation error";17
"220";"RFR";50;"lai";63,6224635732126;2,24383691264244;"Out-of-bag";"Validation error";"RFR Validation error";17
"221";"ANN";100;"lai";18,7774775147397;3,70379030142009;"Out-of-bag";"Validation error";"ANN Validation error";17
"222";"GPR";100;"lai";7,1843976549157;3,26709121040582;"Out-of-bag";"Validation error";"GPR Validation error";17
"223";"MTN";100;"lai";15,351940346558;3,22499919414429;"Out-of-bag";"Validation error";"MTN Validation error";17
"224";"RFR";100;"lai";51,5431983396117;5,67145136574704;"Out-of-bag";"Validation error";"RFR Validation error";17
"225";"ANN";350;"lai";21,0126544516102;7,07213471260465;"Out-of-bag";"Validation error";"ANN Validation error";17
"226";"GPR";350;"lai";0,735209428240908;0,175226562411407;"Out-of-bag";"Validation error";"GPR Validation error";17
"227";"MTN";350;"lai";12,8668375315714;2,93169347312708;"Out-of-bag";"Validation error";"MTN Validation error";17
"228";"RFR";350;"lai";38,8205160131833;3,53334612530516;"Out-of-bag";"Validation error";"RFR Validation error";17
"229";"ANN";600;"lai";13,070101784122;2,90153562061887;"Out-of-bag";"Validation error";"ANN Validation error";17
"230";"GPR";600;"lai";0,299760752769335;0,0350758676178438;"Out-of-bag";"Validation error";"GPR Validation error";17
"231";"MTN";600;"lai";12,5278459917964;3,57690375934011;"Out-of-bag";"Validation error";"MTN Validation error";17
"232";"RFR";600;"lai";39,7066135099356;2,98411203814517;"Out-of-bag";"Validation error";"RFR Validation error";17
"233";"ANN";850;"lai";9,95666592439696;2,15934555743541;"Out-of-bag";"Validation error";"ANN Validation error";17
"234";"GPR";850;"lai";0,273277084909712;0,0351367839489419;"Out-of-bag";"Validation error";"GPR Validation error";17
"235";"MTN";850;"lai";8,17839968263192;2,94151013190486;"Out-of-bag";"Validation error";"MTN Validation error";17
"236";"RFR";850;"lai";16,7959609578766;1,32191213415568;"Out-of-bag";"Validation error";"RFR Validation error";17
"237";"ANN";1100;"lai";7,86684661145959;1,59544760677893;"Out-of-bag";"Validation error";"ANN Validation error";17
"238";"GPR";1100;"lai";0,224797743504584;0,00998382634561551;"Out-of-bag";"Validation error";"GPR Validation error";17
"239";"MTN";1100;"lai";6,88519925825302;2,43502764699561;"Out-of-bag";"Validation error";"MTN Validation error";17
"240";"RFR";1100;"lai";20,7452676056365;1,43495229191497;"Out-of-bag";"Validation error";"RFR Validation error";17
"241";"ANN";1350;"lai";7,72428747079294;1,70456307701012;"Out-of-bag";"Validation error";"ANN Validation error";17
"242";"GPR";1350;"lai";0,195920273424164;0,0334520464749621;"Out-of-bag";"Validation error";"GPR Validation error";17
"243";"MTN";1350;"lai";6,07210200262626;1,89660510282283;"Out-of-bag";"Validation error";"MTN Validation error";17
"244";"RFR";1350;"lai";17,0190271295256;0,85929307158754;"Out-of-bag";"Validation error";"RFR Validation error";17
"245";"ANN";1600;"lai";6,99129099451662;0,96863427886535;"Out-of-bag";"Validation error";"ANN Validation error";17
"246";"GPR";1600;"lai";0,195793911319003;0,00867790823716718;"Out-of-bag";"Validation error";"GPR Validation error";17
"247";"MTN";1600;"lai";4,23063582695401;0,85812119047066;"Out-of-bag";"Validation error";"MTN Validation error";17
"248";"RFR";1600;"lai";19,7652846722644;1,23705506235337;"Out-of-bag";"Validation error";"RFR Validation error";17
"249";"ANN";1850;"lai";6,28246042373277;1,38565938330072;"Out-of-bag";"Validation error";"ANN Validation error";17
"250";"GPR";1850;"lai";0,152459272055024;0,0022776826710638;"Out-of-bag";"Validation error";"GPR Validation error";17
"251";"MTN";1850;"lai";3,10054777152245;0,654276057913416;"Out-of-bag";"Validation error";"MTN Validation error";17
"252";"RFR";1850;"lai";12,685260870114;0,409014490405412;"Out-of-bag";"Validation error";"RFR Validation error";17
"253";"ANN";2100;"lai";6,665525853151;2,6388318140638;"Out-of-bag";"Validation error";"ANN Validation error";17
"254";"GPR";2100;"lai";0,138554280321697;0,00584212497150657;"Out-of-bag";"Validation error";"GPR Validation error";17
"255";"MTN";2100;"lai";3,35654489706187;0,84825698459754;"Out-of-bag";"Validation error";"MTN Validation error";17
"256";"RFR";2100;"lai";11,6885740758231;0,40943085903133;"Out-of-bag";"Validation error";"RFR Validation error";17
"257";"ANN";2350;"lai";5,30682445234817;1,12987267358491;"Out-of-bag";"Validation error";"ANN Validation error";17
"258";"GPR";2350;"lai";0,116055416476582;0,00415779733663792;"Out-of-bag";"Validation error";"GPR Validation error";17
"259";"MTN";2350;"lai";3,28939809703146;0,998086968354577;"Out-of-bag";"Validation error";"MTN Validation error";17
"260";"RFR";2350;"lai";10,7835448101676;0,653225943005329;"Out-of-bag";"Validation error";"RFR Validation error";17
"261";"ANN";2600;"lai";4,81754453086431;0,948935874760249;"Out-of-bag";"Validation error";"ANN Validation error";17
"262";"GPR";2600;"lai";0,108085701529592;0,0101821892830998;"Out-of-bag";"Validation error";"GPR Validation error";17
"263";"MTN";2600;"lai";2,56769092943572;0,538361043686759;"Out-of-bag";"Validation error";"MTN Validation error";17
"264";"RFR";2600;"lai";13,3884204784074;0,325543080193414;"Out-of-bag";"Validation error";"RFR Validation error";17
"265";"ANN";2850;"lai";6,21717549792533;2,99773472250276;"Out-of-bag";"Validation error";"ANN Validation error";17
"266";"GPR";2850;"lai";0,111794722547269;0,00252467963896324;"Out-of-bag";"Validation error";"GPR Validation error";17
"267";"MTN";2850;"lai";3,90907480968756;2,27253091662289;"Out-of-bag";"Validation error";"MTN Validation error";17
"268";"RFR";2850;"lai";9,97623510736465;0,305744790762495;"Out-of-bag";"Validation error";"RFR Validation error";17
"269";"ANN";3100;"lai";5,74039158862784;1,30155272665541;"Out-of-bag";"Validation error";"ANN Validation error";17
"270";"GPR";3100;"lai";0,110373151330315;0,00279439025866204;"Out-of-bag";"Validation error";"GPR Validation error";17
"271";"MTN";3100;"lai";2,50633398451309;1,09053293713322;"Out-of-bag";"Validation error";"MTN Validation error";17
"272";"RFR";3100;"lai";11,1242281120489;0,251311438412189;"Out-of-bag";"Validation error";"RFR Validation error";17
"273";"ANN";3350;"lai";4,59230034226462;0,743214710311237;"Out-of-bag";"Validation error";"ANN Validation error";17
"274";"GPR";3350;"lai";0,114796141243191;0,00651067794799804;"Out-of-bag";"Validation error";"GPR Validation error";17
"275";"MTN";3350;"lai";2,40395877323451;0,607516919809067;"Out-of-bag";"Validation error";"MTN Validation error";17
"276";"RFR";3350;"lai";10,2342215431079;0,233427147062851;"Out-of-bag";"Validation error";"RFR Validation error";17
"277";"ANN";3600;"lai";5,81286693799847;2,43387783709362;"Out-of-bag";"Validation error";"ANN Validation error";17
"278";"GPR";3600;"lai";0,111289286993937;0,00234725614465437;"Out-of-bag";"Validation error";"GPR Validation error";17
"279";"MTN";3600;"lai";2,34324744738739;1,01073440646829;"Out-of-bag";"Validation error";"MTN Validation error";17
"280";"RFR";3600;"lai";10,1704533998276;0,248142904043738;"Out-of-bag";"Validation error";"RFR Validation error";17
"281";"ANN";3850;"lai";5,12837276095026;0,977713040054683;"Out-of-bag";"Validation error";"ANN Validation error";17
"282";"GPR";3850;"lai";0,115438428276593;0,0034859818376585;"Out-of-bag";"Validation error";"GPR Validation error";17
"283";"MTN";3850;"lai";3,48294356737547;4,02909550571186;"Out-of-bag";"Validation error";"MTN Validation error";17
"284";"RFR";3850;"lai";9,75282616307089;0,20000335960194;"Out-of-bag";"Validation error";"RFR Validation error";17
"285";"ANN";4000;"lai";4,78724086487396;1,36524897792973;"Out-of-bag";"Validation error";"ANN Validation error";17
"286";"GPR";4000;"lai";0,118338810255614;0,001862233609475;"Out-of-bag";"Validation error";"GPR Validation error";17
"287";"MTN";4000;"lai";2,45779572160945;0,872549787405682;"Out-of-bag";"Validation error";"MTN Validation error";17
"288";"RFR";4000;"lai";12,508627728364;0,376002964389904;"Out-of-bag";"Validation error";"RFR Validation error";17
"289";"ANN";50;"cab";21,6085548671758;19,6550898882133;"Training";"Training error";"ANN Training error";17
"290";"GPR";50;"cab";5,3312572563194;10,9249037800962;"Training";"Training error";"GPR Training error";17
"291";"MTN";50;"cab";50,8186958806164;65,6033598155718;"Training";"Training error";"MTN Training error";17
"292";"RFR";50;"cab";7,98230062691305;4,52592349043258;"Training";"Training error";"RFR Training error";17
"293";"ANN";100;"cab";10,4171575114031;6,10103456902862;"Training";"Training error";"ANN Training error";17
"294";"GPR";100;"cab";2,15490859835433;1,95007774234667;"Training";"Training error";"GPR Training error";17
"295";"MTN";100;"cab";15,5605310785443;20,8890655200858;"Training";"Training error";"MTN Training error";17
"296";"RFR";100;"cab";6,36324306681214;2,34844929871817;"Training";"Training error";"RFR Training error";17
"297";"ANN";350;"cab";6,34698538414771;3,33873959953038;"Training";"Training error";"ANN Training error";17
"298";"GPR";350;"cab";0,345349122566045;0,429586128017331;"Training";"Training error";"GPR Training error";17
"299";"MTN";350;"cab";3,61348269098925;1,05672761957609;"Training";"Training error";"MTN Training error";17
"300";"RFR";350;"cab";3,43759321452231;1,11564672222671;"Training";"Training error";"RFR Training error";17
"301";"ANN";600;"cab";5,06416127712768;1,27293049026364;"Training";"Training error";"ANN Training error";17
"302";"GPR";600;"cab";0,0999237967473885;0,0351153502869141;"Training";"Training error";"GPR Training error";17
"303";"MTN";600;"cab";2,71678964177602;0,982598532341862;"Training";"Training error";"MTN Training error";17
"304";"RFR";600;"cab";2,15019074437938;0,304788595382442;"Training";"Training error";"RFR Training error";17
"305";"ANN";850;"cab";4,41908510486472;1,24744219847794;"Training";"Training error";"ANN Training error";17
"306";"GPR";850;"cab";0,096521005020257;0,0401516140275025;"Training";"Training error";"GPR Training error";17
"307";"MTN";850;"cab";2,04028240800194;0,425973715221955;"Training";"Training error";"MTN Training error";17
"308";"RFR";850;"cab";1,77179868631307;0,259654861218817;"Training";"Training error";"RFR Training error";17
"309";"ANN";1100;"cab";3,09218101523214;0,96728268776588;"Training";"Training error";"ANN Training error";17
"310";"GPR";1100;"cab";0,0706581062067752;0,0230615607145944;"Training";"Training error";"GPR Training error";17
"311";"MTN";1100;"cab";2,36299530520515;0,681184596240376;"Training";"Training error";"MTN Training error";17
"312";"RFR";1100;"cab";1,73507562502712;0,373289311899642;"Training";"Training error";"RFR Training error";17
"313";"ANN";1350;"cab";3,5904076983303;1,04457600439161;"Training";"Training error";"ANN Training error";17
"314";"GPR";1350;"cab";0,0824528845666224;0,0554354465303421;"Training";"Training error";"GPR Training error";17
"315";"MTN";1350;"cab";1,74819517668168;0,358299977707107;"Training";"Training error";"MTN Training error";17
"316";"RFR";1350;"cab";1,53044538712923;0,213379469962363;"Training";"Training error";"RFR Training error";17
"317";"ANN";1600;"cab";2,82140896080541;0,567456527180329;"Training";"Training error";"ANN Training error";17
"318";"GPR";1600;"cab";0,0544912759400084;0,0220815032367673;"Training";"Training error";"GPR Training error";17
"319";"MTN";1600;"cab";1,51233895303119;0,382896626391291;"Training";"Training error";"MTN Training error";17
"320";"RFR";1600;"cab";1,36345074668574;0,230919462785375;"Training";"Training error";"RFR Training error";17
"321";"ANN";1850;"cab";2,64586599996685;0,567257110022981;"Training";"Training error";"ANN Training error";17
"322";"GPR";1850;"cab";0,0589969455673647;0,0163161395460956;"Training";"Training error";"GPR Training error";17
"323";"MTN";1850;"cab";1,36852623432237;0,317271292785877;"Training";"Training error";"MTN Training error";17
"324";"RFR";1850;"cab";1,43185908485462;0,200344757694484;"Training";"Training error";"RFR Training error";17
"325";"ANN";2100;"cab";2,41373002940331;0,751348987975539;"Training";"Training error";"ANN Training error";17
"326";"GPR";2100;"cab";0,042528793386496;0,00803446263556507;"Training";"Training error";"GPR Training error";17
"327";"MTN";2100;"cab";1,34966571494027;0,300486668403102;"Training";"Training error";"MTN Training error";17
"328";"RFR";2100;"cab";1,34857972555012;0,184552701763876;"Training";"Training error";"RFR Training error";17
"329";"ANN";2350;"cab";2,40782868346066;0,441439255183196;"Training";"Training error";"ANN Training error";17
"330";"GPR";2350;"cab";0,0474554425173839;0,00739201556958186;"Training";"Training error";"GPR Training error";17
"331";"MTN";2350;"cab";1,27139906091474;0,336386718931222;"Training";"Training error";"MTN Training error";17
"332";"RFR";2350;"cab";1,36213981641958;0,150759004830523;"Training";"Training error";"RFR Training error";17
"333";"ANN";2600;"cab";2,25699710935879;0,43492993159845;"Training";"Training error";"ANN Training error";17
"334";"GPR";2600;"cab";0,0432660242510755;0,00824202107588451;"Training";"Training error";"GPR Training error";17
"335";"MTN";2600;"cab";1,23118808944267;0,29708495168088;"Training";"Training error";"MTN Training error";17
"336";"RFR";2600;"cab";1,39258882462201;0,136948894305076;"Training";"Training error";"RFR Training error";17
"337";"ANN";2850;"cab";2,20510010103637;0,724505316969566;"Training";"Training error";"ANN Training error";17
"338";"GPR";2850;"cab";0,0388314739059707;0,00661004793127431;"Training";"Training error";"GPR Training error";17
"339";"MTN";2850;"cab";1,14014195611145;0,22529612272946;"Training";"Training error";"MTN Training error";17
"340";"RFR";2850;"cab";1,28766274903732;0,0987621528531245;"Training";"Training error";"RFR Training error";17
"341";"ANN";3100;"cab";2,12549474972975;0,442999475500161;"Training";"Training error";"ANN Training error";17
"342";"GPR";3100;"cab";0,0388856631957176;0,00691713951791724;"Training";"Training error";"GPR Training error";17
"343";"MTN";3100;"cab";1,13345991154514;0,301559310404034;"Training";"Training error";"MTN Training error";17
"344";"RFR";3100;"cab";1,34667977918658;0,117665964947917;"Training";"Training error";"RFR Training error";17
"345";"ANN";3350;"cab";2,02197261381047;0,445177605932919;"Training";"Training error";"ANN Training error";17
"346";"GPR";3350;"cab";0,035960364471198;0,0062741501605866;"Training";"Training error";"GPR Training error";17
"347";"MTN";3350;"cab";1,08820882291868;0,24243716609883;"Training";"Training error";"MTN Training error";17
"348";"RFR";3350;"cab";1,25092483697631;0,0803119618575717;"Training";"Training error";"RFR Training error";17
"349";"ANN";3600;"cab";1,86436382781685;0,541570364329248;"Training";"Training error";"ANN Training error";17
"350";"GPR";3600;"cab";0,0377078769124202;0,00602186173784753;"Training";"Training error";"GPR Training error";17
"351";"MTN";3600;"cab";1,0461255091734;0,169744701513665;"Training";"Training error";"MTN Training error";17
"352";"RFR";3600;"cab";1,30880580557603;0,109957808535682;"Training";"Training error";"RFR Training error";17
"353";"ANN";3850;"cab";1,65201553378303;0,324162588689292;"Training";"Training error";"ANN Training error";17
"354";"GPR";3850;"cab";0,0362149305420752;0,00536378224271798;"Training";"Training error";"GPR Training error";17
"355";"MTN";3850;"cab";1,09147397934876;0,305275628118697;"Training";"Training error";"MTN Training error";17
"356";"RFR";3850;"cab";1,17345765579859;0,0898422938221445;"Training";"Training error";"RFR Training error";17
"357";"ANN";4000;"cab";1,68059335827737;0,433640911442286;"Training";"Training error";"ANN Training error";17
"358";"GPR";4000;"cab";0,0328761678930037;0,00462593326238492;"Training";"Training error";"GPR Training error";17
"359";"MTN";4000;"cab";1,05821576868838;0,292773489244423;"Training";"Training error";"MTN Training error";17
"360";"RFR";4000;"cab";1,28379416513792;0,0718639870642588;"Training";"Training error";"RFR Training error";17
"361";"ANN";50;"cm";29,9893827272503;17,4573565412736;"Training";"Training error";"ANN Training error";17
"362";"GPR";50;"cm";7,44996841486332;7,33288886545244;"Training";"Training error";"GPR Training error";17
"363";"MTN";50;"cm";31,5235733186883;18,8647402063641;"Training";"Training error";"MTN Training error";17
"364";"RFR";50;"cm";37,0597349166126;22,27829513866;"Training";"Training error";"RFR Training error";17
"365";"ANN";100;"cm";28,5184096592031;13,0651144035332;"Training";"Training error";"ANN Training error";17
"366";"GPR";100;"cm";1,43496799508785;1,35066909147609;"Training";"Training error";"GPR Training error";17
"367";"MTN";100;"cm";34,7194166451406;18,0939211240661;"Training";"Training error";"MTN Training error";17
"368";"RFR";100;"cm";41,8531709328939;9,5521440912636;"Training";"Training error";"RFR Training error";17
"369";"ANN";350;"cm";9,77840652241236;4,78538495161949;"Training";"Training error";"ANN Training error";17
"370";"GPR";350;"cm";0,333681603771732;0,21072483903467;"Training";"Training error";"GPR Training error";17
"371";"MTN";350;"cm";8,13473774140982;4,22250734616424;"Training";"Training error";"MTN Training error";17
"372";"RFR";350;"cm";37,525280458325;5,35978888732819;"Training";"Training error";"RFR Training error";17
"373";"ANN";600;"cm";6,50675941926318;1,01890867472446;"Training";"Training error";"ANN Training error";17
"374";"GPR";600;"cm";0,177124651584607;0,0524939670797171;"Training";"Training error";"GPR Training error";17
"375";"MTN";600;"cm";7,33202131176516;3,75086063151432;"Training";"Training error";"MTN Training error";17
"376";"RFR";600;"cm";35,2844777269591;6,46363130962119;"Training";"Training error";"RFR Training error";17
"377";"ANN";850;"cm";5,07809360408136;0,992079511631332;"Training";"Training error";"ANN Training error";17
"378";"GPR";850;"cm";0,134123739248094;0,0251778293279532;"Training";"Training error";"GPR Training error";17
"379";"MTN";850;"cm";4,01372955515196;0,976622275320225;"Training";"Training error";"MTN Training error";17
"380";"RFR";850;"cm";32,7741465029021;3,34985637299274;"Training";"Training error";"RFR Training error";17
"381";"ANN";1100;"cm";4,46167907998766;1,51296349656748;"Training";"Training error";"ANN Training error";17
"382";"GPR";1100;"cm";0,106418210609651;0,0229216931239794;"Training";"Training error";"GPR Training error";17
"383";"MTN";1100;"cm";4,94613421202976;1,65946547334282;"Training";"Training error";"MTN Training error";17
"384";"RFR";1100;"cm";36,2016337239884;3,83485321143239;"Training";"Training error";"RFR Training error";17
"385";"ANN";1350;"cm";4,16787941032161;0,773840723194818;"Training";"Training error";"ANN Training error";17
"386";"GPR";1350;"cm";0,102479543036057;0,032166208353287;"Training";"Training error";"GPR Training error";17
"387";"MTN";1350;"cm";3,57903287326066;0,559927376663089;"Training";"Training error";"MTN Training error";17
"388";"RFR";1350;"cm";36,6204165720366;4,07666157724587;"Training";"Training error";"RFR Training error";17
"389";"ANN";1600;"cm";3,34087586019412;0,845403677359982;"Training";"Training error";"ANN Training error";17
"390";"GPR";1600;"cm";0,0845459230172097;0,0152952030931789;"Training";"Training error";"GPR Training error";17
"391";"MTN";1600;"cm";3,00031053577893;0,611987584255898;"Training";"Training error";"MTN Training error";17
"392";"RFR";1600;"cm";36,7003056030181;2,74737404320418;"Training";"Training error";"RFR Training error";17
"393";"ANN";1850;"cm";3,18924575754646;0,471219205666699;"Training";"Training error";"ANN Training error";17
"394";"GPR";1850;"cm";0,0814420434346277;0,0113325183832651;"Training";"Training error";"GPR Training error";17
"395";"MTN";1850;"cm";2,76215845956614;0,44039985732352;"Training";"Training error";"MTN Training error";17
"396";"RFR";1850;"cm";38,5893954822391;2,90176851548325;"Training";"Training error";"RFR Training error";17
"397";"ANN";2100;"cm";3,41529440525726;1,66077304527158;"Training";"Training error";"ANN Training error";17
"398";"GPR";2100;"cm";0,074594059908885;0,0129313875055787;"Training";"Training error";"GPR Training error";17
"399";"MTN";2100;"cm";2,30309978468835;0,46033904118447;"Training";"Training error";"MTN Training error";17
"400";"RFR";2100;"cm";38,7692446821498;3,3262234484049;"Training";"Training error";"RFR Training error";17
"401";"ANN";2350;"cm";2,99540902849629;0,962322492941894;"Training";"Training error";"ANN Training error";17
"402";"GPR";2350;"cm";0,0673253658469937;0,00915739880717482;"Training";"Training error";"GPR Training error";17
"403";"MTN";2350;"cm";2,60970669486412;1,05180970309356;"Training";"Training error";"MTN Training error";17
"404";"RFR";2350;"cm";39,2602506229362;1,56233329255385;"Training";"Training error";"RFR Training error";17
"405";"ANN";2600;"cm";2,60369706189965;0,325984171549091;"Training";"Training error";"ANN Training error";17
"406";"GPR";2600;"cm";0,0624101839444171;0,00883824486157465;"Training";"Training error";"GPR Training error";17
"407";"MTN";2600;"cm";2,11313881081738;0,47228948679303;"Training";"Training error";"MTN Training error";17
"408";"RFR";2600;"cm";40,0355916696366;2,93412301429442;"Training";"Training error";"RFR Training error";17
"409";"ANN";2850;"cm";3,01619968717116;0,976060226337333;"Training";"Training error";"ANN Training error";17
"410";"GPR";2850;"cm";0,0586214697445818;0,00797119630406192;"Training";"Training error";"GPR Training error";17
"411";"MTN";2850;"cm";3,17776608589132;1,87321784771843;"Training";"Training error";"MTN Training error";17
"412";"RFR";2850;"cm";38,2041128957024;2,22154344197243;"Training";"Training error";"RFR Training error";17
"413";"ANN";3100;"cm";2,84749238553493;0,724831179564614;"Training";"Training error";"ANN Training error";17
"414";"GPR";3100;"cm";0,0613194874006338;0,00572136455917937;"Training";"Training error";"GPR Training error";17
"415";"MTN";3100;"cm";2,22018641838537;1,02582007478383;"Training";"Training error";"MTN Training error";17
"416";"RFR";3100;"cm";39,9226602914569;2,45347407548149;"Training";"Training error";"RFR Training error";17
"417";"ANN";3350;"cm";2,32999899694375;0,50005255418545;"Training";"Training error";"ANN Training error";17
"418";"GPR";3350;"cm";0,0579804994859681;0,00646733854795427;"Training";"Training error";"GPR Training error";17
"419";"MTN";3350;"cm";2,28440070619219;0,786322940902972;"Training";"Training error";"MTN Training error";17
"420";"RFR";3350;"cm";38,8152624765067;1,34700575184716;"Training";"Training error";"RFR Training error";17
"421";"ANN";3600;"cm";2,47161436098433;0,733027991634991;"Training";"Training error";"ANN Training error";17
"422";"GPR";3600;"cm";0,0577407457511709;0,00703307703268037;"Training";"Training error";"GPR Training error";17
"423";"MTN";3600;"cm";1,67295192733792;0,377126064064115;"Training";"Training error";"MTN Training error";17
"424";"RFR";3600;"cm";38,9869632102247;2,10307716129206;"Training";"Training error";"RFR Training error";17
"425";"ANN";3850;"cm";2,18570189776039;0,398174935412401;"Training";"Training error";"ANN Training error";17
"426";"GPR";3850;"cm";0,052757973783165;0,00404181421608775;"Training";"Training error";"GPR Training error";17
"427";"MTN";3850;"cm";2,67441027250448;1,80124238338994;"Training";"Training error";"MTN Training error";17
"428";"RFR";3850;"cm";38,3685723792039;2,79767592631439;"Training";"Training error";"RFR Training error";17
"429";"ANN";4000;"cm";2,04328924968723;0,247867500216189;"Training";"Training error";"ANN Training error";17
"430";"GPR";4000;"cm";0,0536641930265538;0,00420552412038854;"Training";"Training error";"GPR Training error";17
"431";"MTN";4000;"cm";1,95224393203153;0,790642649387332;"Training";"Training error";"MTN Training error";17
"432";"RFR";4000;"cm";39,890299373766;2,26943614800334;"Training";"Training error";"RFR Training error";17
"433";"ANN";50;"cw";23,0477120975387;14,0044987469639;"Training";"Training error";"ANN Training error";17
"434";"GPR";50;"cw";5,95306216571223;7,25196682410388;"Training";"Training error";"GPR Training error";17
"435";"MTN";50;"cw";39,7777734559041;22,3878217320654;"Training";"Training error";"MTN Training error";17
"436";"RFR";50;"cw";44,0731854463669;15,6986392192055;"Training";"Training error";"RFR Training error";17
"437";"ANN";100;"cw";21,0996234834657;8,37069722799213;"Training";"Training error";"ANN Training error";17
"438";"GPR";100;"cw";1,30824919520428;0,885183328022937;"Training";"Training error";"GPR Training error";17
"439";"MTN";100;"cw";24,2832997911666;11,7434223479358;"Training";"Training error";"MTN Training error";17
"440";"RFR";100;"cw";38,9868603134436;10,5552706184471;"Training";"Training error";"RFR Training error";17
"441";"ANN";350;"cw";7,88308154985246;2,26887382929942;"Training";"Training error";"ANN Training error";17
"442";"GPR";350;"cw";0,272130719557763;0,129547669905482;"Training";"Training error";"GPR Training error";17
"443";"MTN";350;"cw";9,2278881897934;2,30987337977266;"Training";"Training error";"MTN Training error";17
"444";"RFR";350;"cw";42,6455458638127;11,4722364099744;"Training";"Training error";"RFR Training error";17
"445";"ANN";600;"cw";5,60490796317077;1,725691242592;"Training";"Training error";"ANN Training error";17
"446";"GPR";600;"cw";0,144359319331604;0,0499029467204948;"Training";"Training error";"GPR Training error";17
"447";"MTN";600;"cw";7,33750903461122;3,03956112537379;"Training";"Training error";"MTN Training error";17
"448";"RFR";600;"cw";39,3550522959473;6,63324880042874;"Training";"Training error";"RFR Training error";17
"449";"ANN";850;"cw";4,55627008129899;0,978299840248475;"Training";"Training error";"ANN Training error";17
"450";"GPR";850;"cw";0,116415726443933;0,0333505419512661;"Training";"Training error";"GPR Training error";17
"451";"MTN";850;"cw";4,6540183775101;1,42496632433545;"Training";"Training error";"MTN Training error";17
"452";"RFR";850;"cw";40,6920030293416;5,89804624557902;"Training";"Training error";"RFR Training error";17
"453";"ANN";1100;"cw";3,80098361575635;0,790933893593227;"Training";"Training error";"ANN Training error";17
"454";"GPR";1100;"cw";0,091797306684799;0,0264895212270942;"Training";"Training error";"GPR Training error";17
"455";"MTN";1100;"cw";4,66322056020911;1,49024300522563;"Training";"Training error";"MTN Training error";17
"456";"RFR";1100;"cw";41,1346991618314;4,46927473574904;"Training";"Training error";"RFR Training error";17
"457";"ANN";1350;"cw";4,03833053573038;1,12178144407317;"Training";"Training error";"ANN Training error";17
"458";"GPR";1350;"cw";0,102105995670037;0,0393312152799357;"Training";"Training error";"GPR Training error";17
"459";"MTN";1350;"cw";4,03200412250885;0,661010747643435;"Training";"Training error";"MTN Training error";17
"460";"RFR";1350;"cw";42,2676275127932;5,03862308106545;"Training";"Training error";"RFR Training error";17
"461";"ANN";1600;"cw";3,03828451898819;0,509521374968121;"Training";"Training error";"ANN Training error";17
"462";"GPR";1600;"cw";0,0741279246236411;0,0161267212005144;"Training";"Training error";"GPR Training error";17
"463";"MTN";1600;"cw";2,48084967956229;0,364087661761949;"Training";"Training error";"MTN Training error";17
"464";"RFR";1600;"cw";43,1694421066959;3,08520335580904;"Training";"Training error";"RFR Training error";17
"465";"ANN";1850;"cw";2,78697628059048;0,538753475787374;"Training";"Training error";"ANN Training error";17
"466";"GPR";1850;"cw";0,0743971665012082;0,0318688912492447;"Training";"Training error";"GPR Training error";17
"467";"MTN";1850;"cw";2,25522576323739;0,558110821381583;"Training";"Training error";"MTN Training error";17
"468";"RFR";1850;"cw";42,0986378518571;2,5334745127666;"Training";"Training error";"RFR Training error";17
"469";"ANN";2100;"cw";3,03694733377649;1,11966487263046;"Training";"Training error";"ANN Training error";17
"470";"GPR";2100;"cw";0,0716681005117741;0,0167179755969667;"Training";"Training error";"GPR Training error";17
"471";"MTN";2100;"cw";2,07970269274445;0,361754924012607;"Training";"Training error";"MTN Training error";17
"472";"RFR";2100;"cw";43,9343601048716;4,0149303968146;"Training";"Training error";"RFR Training error";17
"473";"ANN";2350;"cw";2,52409040076639;0,54362345031152;"Training";"Training error";"ANN Training error";17
"474";"GPR";2350;"cw";0,0615935375964796;0,0107935762759167;"Training";"Training error";"GPR Training error";17
"475";"MTN";2350;"cw";2,12737185386475;0,454762932001981;"Training";"Training error";"MTN Training error";17
"476";"RFR";2350;"cw";43,014043673811;3,89826031522709;"Training";"Training error";"RFR Training error";17
"477";"ANN";2600;"cw";2,41313050851876;0,320238238731041;"Training";"Training error";"ANN Training error";17
"478";"GPR";2600;"cw";0,0597661962928007;0,00737445927007266;"Training";"Training error";"GPR Training error";17
"479";"MTN";2600;"cw";2,15161975456168;0,459524473627334;"Training";"Training error";"MTN Training error";17
"480";"RFR";2600;"cw";42,8240953432434;2,45820276093743;"Training";"Training error";"RFR Training error";17
"481";"ANN";2850;"cw";2,41025065061584;0,565623328214575;"Training";"Training error";"ANN Training error";17
"482";"GPR";2850;"cw";0,0564536450707229;0,00769178299282529;"Training";"Training error";"GPR Training error";17
"483";"MTN";2850;"cw";2,55081069187628;1,54546940994016;"Training";"Training error";"MTN Training error";17
"484";"RFR";2850;"cw";43,9237149036558;1,89709967550746;"Training";"Training error";"RFR Training error";17
"485";"ANN";3100;"cw";2,37217565850858;0,407271858336982;"Training";"Training error";"ANN Training error";17
"486";"GPR";3100;"cw";0,0565611208653092;0,00674779256821272;"Training";"Training error";"GPR Training error";17
"487";"MTN";3100;"cw";2,09131425304994;0,742949637102279;"Training";"Training error";"MTN Training error";17
"488";"RFR";3100;"cw";43,6633170284633;1,48003633218865;"Training";"Training error";"RFR Training error";17
"489";"ANN";3350;"cw";1,97881944585769;0,443143660725973;"Training";"Training error";"ANN Training error";17
"490";"GPR";3350;"cw";0,051083345064329;0,00600163122573902;"Training";"Training error";"GPR Training error";17
"491";"MTN";3350;"cw";1,91114042501279;0,380520306693814;"Training";"Training error";"MTN Training error";17
"492";"RFR";3350;"cw";44,2053221887757;3,09385207746242;"Training";"Training error";"RFR Training error";17
"493";"ANN";3600;"cw";2,22263046482452;0,316938646010307;"Training";"Training error";"ANN Training error";17
"494";"GPR";3600;"cw";0,05203467654191;0,00421539164163055;"Training";"Training error";"GPR Training error";17
"495";"MTN";3600;"cw";1,56713491959042;0,223613248109065;"Training";"Training error";"MTN Training error";17
"496";"RFR";3600;"cw";44,8545760489809;2,27633687064047;"Training";"Training error";"RFR Training error";17
"497";"ANN";3850;"cw";1,92344654959352;0,319512642865921;"Training";"Training error";"ANN Training error";17
"498";"GPR";3850;"cw";0,0481035925327099;0,00543816643283399;"Training";"Training error";"GPR Training error";17
"499";"MTN";3850;"cw";2,30018817112294;1,32459185248739;"Training";"Training error";"MTN Training error";17
"500";"RFR";3850;"cw";43,5908537876948;2,75841222871959;"Training";"Training error";"RFR Training error";17
"501";"ANN";4000;"cw";1,97936605312666;0,60530597041513;"Training";"Training error";"ANN Training error";17
"502";"GPR";4000;"cw";0,0492389676170843;0,00329126791906864;"Training";"Training error";"GPR Training error";17
"503";"MTN";4000;"cw";1,7390419140424;0,570290319234808;"Training";"Training error";"MTN Training error";17
"504";"RFR";4000;"cw";43,926127711613;2,33508046061703;"Training";"Training error";"RFR Training error";17
"505";"ANN";50;"lai";24,8202979553862;10,3423028050466;"Training";"Training error";"ANN Training error";17
"506";"GPR";50;"lai";9,49014268191521;16,7054328880089;"Training";"Training error";"GPR Training error";17
"507";"MTN";50;"lai";22,7539581609776;8,9790778443537;"Training";"Training error";"MTN Training error";17
"508";"RFR";50;"lai";43,7566847579929;40,0638133268602;"Training";"Training error";"RFR Training error";17
"509";"ANN";100;"lai";32,052377433833;18,4162394715903;"Training";"Training error";"ANN Training error";17
"510";"GPR";100;"lai";3,34439030075933;2,49241088546439;"Training";"Training error";"GPR Training error";17
"511";"MTN";100;"lai";27,4723519854994;17,2840251740679;"Training";"Training error";"MTN Training error";17
"512";"RFR";100;"lai";64,2563707649346;21,9641514425638;"Training";"Training error";"RFR Training error";17
"513";"ANN";350;"lai";20,294241612302;7,88488387747177;"Training";"Training error";"ANN Training error";17
"514";"GPR";350;"lai";1,32240326141269;2,31541098773559;"Training";"Training error";"GPR Training error";17
"515";"MTN";350;"lai";14,4793612032907;3,71464316298802;"Training";"Training error";"MTN Training error";17
"516";"RFR";350;"lai";41,0733988655103;10,8256619009895;"Training";"Training error";"RFR Training error";17
"517";"ANN";600;"lai";13,6300082144452;3,22914598312175;"Training";"Training error";"ANN Training error";17
"518";"GPR";600;"lai";0,416301750760244;0,201059181535633;"Training";"Training error";"GPR Training error";17
"519";"MTN";600;"lai";12,595247121016;3,52403724990551;"Training";"Training error";"MTN Training error";17
"520";"RFR";600;"lai";27,6052603276452;11,5028616924102;"Training";"Training error";"RFR Training error";17
"521";"ANN";850;"lai";10,2431620283899;1,75554717523393;"Training";"Training error";"ANN Training error";17
"522";"GPR";850;"lai";0,257232243089314;0,122411195203203;"Training";"Training error";"GPR Training error";17
"523";"MTN";850;"lai";8,41262128639313;2,03101527368709;"Training";"Training error";"MTN Training error";17
"524";"RFR";850;"lai";20,7259240713153;4,42035538916307;"Training";"Training error";"RFR Training error";17
"525";"ANN";1100;"lai";7,74449749714717;1,7817850184831;"Training";"Training error";"ANN Training error";17
"526";"GPR";1100;"lai";0,223103661780304;0,052547938792232;"Training";"Training error";"GPR Training error";17
"527";"MTN";1100;"lai";6,50848716047812;2,49766809484195;"Training";"Training error";"MTN Training error";17
"528";"RFR";1100;"lai";19,2157459102314;5,45629072827755;"Training";"Training error";"RFR Training error";17
"529";"ANN";1350;"lai";7,26820167700574;1,55495084981006;"Training";"Training error";"ANN Training error";17
"530";"GPR";1350;"lai";0,23070570725512;0,0976600472846256;"Training";"Training error";"GPR Training error";17
"531";"MTN";1350;"lai";5,67410765978727;1,6464887040624;"Training";"Training error";"MTN Training error";17
"532";"RFR";1350;"lai";17,2613609321847;2,24174267023143;"Training";"Training error";"RFR Training error";17
"533";"ANN";1600;"lai";6,30438472185866;1,29693709414934;"Training";"Training error";"ANN Training error";17
"534";"GPR";1600;"lai";0,172184769609599;0,0429881048895809;"Training";"Training error";"GPR Training error";17
"535";"MTN";1600;"lai";3,79689024038703;0,983667880970807;"Training";"Training error";"MTN Training error";17
"536";"RFR";1600;"lai";16,4868299842361;2,99557781321142;"Training";"Training error";"RFR Training error";17
"537";"ANN";1850;"lai";6,46141754572485;1,56813314540521;"Training";"Training error";"ANN Training error";17
"538";"GPR";1850;"lai";0,163542662133112;0,0494567583841973;"Training";"Training error";"GPR Training error";17
"539";"MTN";1850;"lai";3,34005559635411;1,02118275821796;"Training";"Training error";"MTN Training error";17
"540";"RFR";1850;"lai";14,4922942012631;0,791706299124887;"Training";"Training error";"RFR Training error";17
"541";"ANN";2100;"lai";6,90927405681335;2,78273012346586;"Training";"Training error";"ANN Training error";17
"542";"GPR";2100;"lai";0,142622042688234;0,0300325870397875;"Training";"Training error";"GPR Training error";17
"543";"MTN";2100;"lai";3,4415214939053;0,81804117000891;"Training";"Training error";"MTN Training error";17
"544";"RFR";2100;"lai";12,3152733517651;1,54920865522448;"Training";"Training error";"RFR Training error";17
"545";"ANN";2350;"lai";5,96023734820858;1,35681272210888;"Training";"Training error";"ANN Training error";17
"546";"GPR";2350;"lai";0,138444477328582;0,0167924710628884;"Training";"Training error";"GPR Training error";17
"547";"MTN";2350;"lai";3,48388680500746;1,00124599432962;"Training";"Training error";"MTN Training error";17
"548";"RFR";2350;"lai";14,2558674719054;2,26342961500638;"Training";"Training error";"RFR Training error";17
"549";"ANN";2600;"lai";4,82920283539553;0,780322908109236;"Training";"Training error";"ANN Training error";17
"550";"GPR";2600;"lai";0,138657497330513;0,0421905846880953;"Training";"Training error";"GPR Training error";17
"551";"MTN";2600;"lai";2,64445186796474;0,516741676182965;"Training";"Training error";"MTN Training error";17
"552";"RFR";2600;"lai";12,7501297207512;1,35499995034837;"Training";"Training error";"RFR Training error";17
"553";"ANN";2850;"lai";6,38565224952936;2,99492857082471;"Training";"Training error";"ANN Training error";17
"554";"GPR";2850;"lai";0,118205211931755;0,0162651767105137;"Training";"Training error";"GPR Training error";17
"555";"MTN";2850;"lai";3,89783390849147;2,06030526393445;"Training";"Training error";"MTN Training error";17
"556";"RFR";2850;"lai";11,7386994454324;1,13307973206417;"Training";"Training error";"RFR Training error";17
"557";"ANN";3100;"lai";5,84250075489939;1,04962461828549;"Training";"Training error";"ANN Training error";17
"558";"GPR";3100;"lai";0,122643666547321;0,00917429757289352;"Training";"Training error";"GPR Training error";17
"559";"MTN";3100;"lai";2,64583375312425;1,07621485285728;"Training";"Training error";"MTN Training error";17
"560";"RFR";3100;"lai";11,6680981287181;0,731366320573408;"Training";"Training error";"RFR Training error";17
"561";"ANN";3350;"lai";4,53174849390675;0,612200446196259;"Training";"Training error";"ANN Training error";17
"562";"GPR";3350;"lai";0,109799674981412;0,012729713283679;"Training";"Training error";"GPR Training error";17
"563";"MTN";3350;"lai";2,38062715880127;0,485368673052164;"Training";"Training error";"MTN Training error";17
"564";"RFR";3350;"lai";10,7981681000413;1,4416399295176;"Training";"Training error";"RFR Training error";17
"565";"ANN";3600;"lai";5,93139977444825;2,48827161658648;"Training";"Training error";"ANN Training error";17
"566";"GPR";3600;"lai";0,111895811546516;0,0154297470171266;"Training";"Training error";"GPR Training error";17
"567";"MTN";3600;"lai";2,40632879417694;1,06008970928741;"Training";"Training error";"MTN Training error";17
"568";"RFR";3600;"lai";11,1441724534075;0,952529565719305;"Training";"Training error";"RFR Training error";17
"569";"ANN";3850;"lai";4,86162443089959;0,914521556322773;"Training";"Training error";"ANN Training error";17
"570";"GPR";3850;"lai";0,111749261281256;0,0111800972779514;"Training";"Training error";"GPR Training error";17
"571";"MTN";3850;"lai";3,32626188884074;3,92703471081248;"Training";"Training error";"MTN Training error";17
"572";"RFR";3850;"lai";10,535313313207;1,574151720146;"Training";"Training error";"RFR Training error";17
"573";"ANN";4000;"lai";4,41198918305789;1,27638190753123;"Training";"Training error";"ANN Training error";17
"574";"GPR";4000;"lai";0,104306207717975;0,00756049348831168;"Training";"Training error";"GPR Training error";17
"575";"MTN";4000;"lai";2,45597883871995;0,894332336465635;"Training";"Training error";"MTN Training error";17
"576";"RFR";4000;"lai";10,7749532445305;1,3010263212744;"Training";"Training error";"RFR Training error";17
